volume_number	page_number	x1	y1	x2	y2	tokens_count	mean_confidence	text	image
5633	1	1039	237	2237	299	3	0.95429	Смерть немецким оккупантам.	vol-5633-page-01-seg-001-1039-0237-2237-0299.png
5633	1	320	324	2280	679	8	0.92576	! ЦЕНТРАЛЬНЫЙ ОРГАН НАРОДНОГО КОМИССАРИАТА ОБОРОНЫ СОЮЗА ССР	vol-5633-page-01-seg-002-0320-0324-2280-0679.png
5633	1	375	696	650	753	2	0.86416	262 (5633)	vol-5633-page-01-seg-003-0375-0696-0650-0753.png
5633	1	1003	705	1605	753	5	0.94401	5 ноября 1943 г., пятница	vol-5633-page-01-seg-004-1003-0705-1605-0753.png
5633	1	1994	700	2254	751	2	0.86248	ЦЕНА 20 КОП.	vol-5633-page-01-seg-005-1994-0700-2254-0751.png
5633	1	2377	231	4412	700	33	0.92985	Под знаменем Ленина, под водительством : Сталина - вперед, за полный разгром немецких окку- пантов и изгнание их из пределов нашей Родины. (Из призывов ЦК ВКП(б) к 26-й годовщине Великой Октябрьской Социалистической Революции).	vol-5633-page-01-seg-006-2377-0231-4412-0700.png
5633	1	525	825	2838	1146	12	0.95268	итоги летней кампании КРАСНОЙ АРМИИ июля по 5 ноября 1943 года )	vol-5633-page-01-seg-007-0525-0825-2838-1146.png
5633	1	320	1180	1652	1554	50	0.89290	Красная Армия, в результате напряженных четырехмесячных боев успешно выполнила оперативно-стратегический план Верховного Главно- командования. Задача, поставленная перед вооруженными силами Совет- ского Союза изгнать в течение лета и осени вражеские войска за линию Смоленска, реки Сож, среднего и нижнего течения Днепра, а также ликвидировать Кубанский плацдарм немцев - полностью осу- ществлена.	vol-5633-page-01-seg-008-0320-1180-1652-1554.png
5633	1	316	1571	1649	2189	102	0.87444	Летняя кампания 1943 года, как известно, началась 5 июля решаю- щим, по заявлению гитлеровского командования, наступлением немецко- фашистских войск на Орловско-Курском и Белгородско-Курском напра- Влениях. Противник ставил перед собой задачу окружить и уничтожить советские войска, расположенные в Курском выступе, выйти в глубокие тылы Красной Армии и решить исход войны в свою пользу. Итоги летних боев показали, что этот новый стратегический план немцев, построенный без реального учета соотношения сил, оказался от начала до конца авантюристическим и позорно провалился. Красная Армия в упорных оборонительных боях измотала и обескровила главные силы немецко-фашистской армии, начавшие 5 июля наступление. Немцы понесли огромные потери, но не добились успеха.	vol-5633-page-01-seg-009-0316-1571-1649-2189.png
5633	1	313	2199	1645	2485	48	0.89399	Разгромив наступавшие на Курск немецко-фашистские войска, Крас- ная Армия, по приказу Ставки Верховного Главнокомандования, 12 июля сама перешла в решительное наступление, прорвала сильно укрепленную оборону немцев и после многодневных ожесточенных боев 5 августа, ровно через месяц после начала наступления немецких войск, - овла- дела городами Орел и Белгород.	vol-5633-page-01-seg-010-0313-2199-1645-2485.png
5633	1	313	2503	1641	2687	28	0.88682	Таким образом, самый мощный и опасный для нашей страны Орлов- ский укрепленный стратегический плацдарм врага, который гитлеровское командование рассчитывало использовать как трамплин для наступления на Москву, был ликвидирован.	vol-5633-page-01-seg-011-0313-2503-1641-2687.png
5633	1	311	2700	1637	2988	41	0.87307	Вторым важнейшим укрепленным плацдармом немецкой армии являлся район Белгорода и Харькова. Немцы сосредоточили в этом районе свою основную танковую груп- пировку, в том числе отборные танковые дивизии "СС", создали круп- ные склады вооружения и боеприпасов соорудили мощные укреплен- ные линии обороны.	vol-5633-page-01-seg-012-0311-2700-1637-2988.png
5633	1	311	3005	1635	3244	32	0.86268	Начав наступление на Харьковском направлении, наши войска про- рвали оборону противника и, сломив его упорное сопротивление, 23 авгу ста штурмом овладели городом Харьков. Тем самым Белгородско-Харьковский плацдарм немцев был успешно ликвидирован. H.	vol-5633-page-01-seg-013-0311-3005-1635-3244.png
5633	1	305	3250	1637	3687	69	0.88407	Ликвидация Орловского и Белгородско-Харьковского плацдармов противника явилась крупнейшей операцией наших войск после разгрома немцев под Сталинградом. Победы Красной Армии в районе Орла и Харькова создали прочную основу для дальнейшего развития наступле- ния наших войск и осуществления плана Верховного Главнокомандова- ния по освобождению Донбасса и всей левобережной Украины. Третьим важнейшим укрепленным плацдармом немцев являлась вос- точная часть Донбасса с основным рубежом обороны по линии реки Северный Донец и реки Миус.	vol-5633-page-01-seg-014-0305-3250-1637-3687.png
5633	1	301	3698	1630	4190	83	0.88735	По приказу Верховного Главнокомандования наши Южные армии перешли в наступление, форсировали реки Миус и Северный Донец, про- рвали оборону немцев и одержали крупную победу над немецкими за- хватчиками в Донецком бассейне. В течение шести дней стремительного наступления наших войск был освобожден весь Донбасс -- важнейший угольный и промышленный район страны. Развивая успешное наступление, наши войска быстро погнали нем- дев на запад, освободили почти всё побережье Азовского моря и вы- шли к Мелитополю и Запорожью* сильным укрепленным районам на подступах к Крыму и низовьям Днепра.	vol-5633-page-01-seg-015-0301-3698-1630-4190.png
5633	1	299	4197	1628	4541	61	0.88206	Потерпев тяжелые поражения под Орлом, Белгородом, Харьковом и в Донбассе, немецкое командование предприняло отчаянную попытку остановить наступление советских войск на рубеже реки Десны, прев- ращенном на всем ее протяжении в мощную линию современной обо- роны, укреплявшуюся в течение двух лет и считавшуюся немцами не- преодолимой. Наши войска решительными действиями в трудных усло- виях форсировали Десну и взломали эту линию немецкой обороны.	vol-5633-page-01-seg-016-0299-4197-1628-4541.png
5633	1	296	4550	1622	4933	66	0.89547	В то время как наши войска южнее Брянска гнали немцев на за- пад, был также нанесен удар по вражеским войскам на Смоленском и Рославльском направлениях. Взломав сильно укрепленную долговремен- ную оборонительную полосу врага, наши войска форсировали Днепр в его верхнем течении, овладели междуречьем Западной Двины и Днеп- ра так называемыми Смоленскими воротами, и освободили город Смоленск -- важнейший стратегический узел обороны немцев на За- падном направлении.	vol-5633-page-01-seg-017-0296-4550-1622-4933.png
5633	1	292	4941	1620	5220	43	0.90041	Решительными действиями наших войск на Кубани было сломлено также сопротивление противника в районе Новороссийска, в низовьях реки Кубани и на Таманском полуострове. Тем самым был ликвидирован оперативно-важный плацдарм немцев на Кубани, который обеспечивал им оборону Крыма и возможность наступательных действий в сторону Кавказа,	vol-5633-page-01-seg-018-0292-4941-1620-5220.png
5633	1	286	5235	1618	6100	163	0.89134	Потерпев тяжелые поражения в предыдущих боях, немцы пыта- лись во что бы то ни стало остановить наступающие советские войска на Днепре. Немецкое командование стянуло основное силы своей армий на защиту мощной полосы обороны по Днепру и реке Молочная, рас- считывая прочно обосноваться на этом выгодном для обороны рубеже. Но и эти расчеты немцев провалились. Красная Армия форсировала крупнейшую водную преграду -- Днепр, взломала мощные долговре- менные оборонительные сооружения противника и создала на правом бе- регу Днепра ряд стратегически важных плацдармов. Развивая наступле- ние, Красная Армия нанесла немецко-фашистским войскам тяжелое по- ражение в излучине Днепра и освободила Днепропетровск и Днепро- дзержинск - важнейшие промышленные центры кга нашей страны и железнодорожный узел Пятихатку. Вместе с тем, наши войска прорвали мощную оборонительную полосу немцев на рубеже реки Молочная, ко- торая по своему инженерному оборудованию противотанковыми препят- ствиями, по плотности насыщения пехотой, артиллерией и танками была еще более сильной, чем оборона немцев на реке Миус. Таким образом, наши войска взломали всю оборону противника от Запорожья до Азов-	vol-5633-page-01-seg-019-0286-5235-1618-6100.png
5633	1	1711	1174	3028	1263	17	0.87022	ского моря и вышли к нижнему течению Днепра, отрезав с суши войска pdf :: противника в Крыму.	vol-5633-page-01-seg-020-1711-1174-3028-1263.png
5633	1	1705	1271	3028	1556	54	0.89780	В результате этих умело осуществленных по плану Верховного Главнокомандования операций Красная Армия освободила от противни- ка огромную территорию, лишила немцев стратегически важных районов и коммуникаций. Враг на протяжении 1.200 километров - от устья реки Сож до Черного моря был отброшен за Днепр. Вся левобережная Ук- раина была в короткий срок освобождена от немецких захватчиков.	vol-5633-page-01-seg-021-1705-1271-3028-1556.png
5633	1	1705	1571	3028	1707	26	0.88675	В ходе наступательных боев наши войска форсировали четыре серьезных водных преграды - Северный Донец, Десну, Сож и Днепр, проявив при этом высокую маневренность и военное мастерство.	vol-5633-page-01-seg-022-1705-1571-3028-1707.png
5633	1	1700	1724	3026	2343	99	0.89003	Таким образом, менее чем за четыре месяца наступления на совет ско-германском фронте Красная Армия возвратила Родине огромнук территорию в 350.000 кв. километров, имеющую важнейшее экономиче- ское и военно-стратегическое значение. Полностью очищены от немец- ко-фашистских захватчиков Краснодарский край, Ростовская, Вороши- ловградская, Сталинская, Харьковская, Полтавская, Сумская, Черни- говская, Курская, Орловская и Смоленская области. Освобождена зна- чительная часть Запорожской, Днепропетровской и Киевской областей. Началось изгнание немцев из Белоруссии. Ведя наступление на фронте в 2.000 километров, Красная Армия продвинулась на запад от 300 до 450 километров и освободила более 38.000 населенных пунктов, из них 162 города. Вызволены из фашистской неволи миллионы советских людей.	vol-5633-page-01-seg-023-1700-1724-3026-2343.png
5633	1	1690	2372	3017	2842	72	0.88145	Освобождение Донбасса, харькова, Орла, Таганрога, Брянска, Смо- ленска, Днепропетровска, Днепродзержинска, Запорожья и других круп- ных промышленных центров значительно увеличивает экономические ре курсы Советского Союза и еще более усиливает могущество Красной Армии. Очистив от немецко-фашистских захватчиков громадную терри- торию между Северным Донцом Днепром, Красная Армия вернула родине богатейшую житницу, один из плодороднейших сельскохозяй- ственных районов страны. С потерей этого обширного хлебородного края гитлеровцы лишились крупной продовольственной базы, за которую они так неистово цеплялись.	vol-5633-page-01-seg-024-1690-2372-3017-2842.png
5633	1	1681	2863	3015	3626	91	0.89932	Красная Армия освободила от врага крупные железнодорожные узлы: Смоленск, Рославль, Невель, Брянск, Кричев, Унеча, Орел, Хутор Михайловский, Ворожба, Конотоп, Бахмач, Нежин, Харьков, Полтава Сумы, Ромодан, Гребенка, Дебальцево, Ясиноватая, Никитовка, Павло- град, Красноград, Лозовая, Красноармейское, Волноваха, Синельниково Пятихатка, Днепропетровск, Запорожье и др. Тем самым в руках советских войск оказались важнейшие железнодорожные магистрали: Москва-Смоленск, Москва -- Орел--Курск -- Белгород-Харьков-Ро- стов, Харьков-Сталино--Мариуполь, Москва--Брянск--Ново-Белица, Курск- Ворожба--Дарница, Орел-Брянск--Рославль-Смоленск, Харь- ков--Красноград--Днепропетровск, Сухиничи--Брянск--Ворожба, Вязь- ма--Брянск -Конотоп, Кричев-Унеча - Ворожба- Сумы-Харьков, Бах- мач- Ромодан--Полтава, Ново-Белица-Нежин-Гребенка- Золотоноша, Харьков--Полтава--Кременчуг, Харьков-- Полтава- Ромодан-- Дарница, Сталино--Волноваха--Пологи--Запорожье, Запорожье --Мелитополь Геническ, Днепропетровск- Пятихатка и другие.	vol-5633-page-01-seg-025-1681-2863-3015-3626.png
5633	1	1679	3637	3009	3969	60	0.88696	Таким образом, Красная Армия отвоевала важнейшие железнодо рожные магистрали, связывающие центр нашей страны с югом, и тем са- мым серьезно улучшила условия маневра войск, изменив оперативно-так тические возможности дальнейшей борьбы в свою пользу. В то же вре- мя с потерей этих важных стратегических коммуникаций немецкая армия в значительной степени лишилась благоприятных условий для маневра войск и ее, оперативно-тактические возможности ухудшились.	vol-5633-page-01-seg-026-1679-3637-3009-3969.png
5633	1	1679	3990	3005	4178	29	0.87322	За время наступления наши войска освободили от захватчиков мор- ские порты Анапа, Тамань, Таганрог, Мариуполь, Осипенко (Бер- дянск) и важнейший порт и вторую военно-морскую базу Черноморского флота - Новороссийск.	vol-5633-page-01-seg-027-1679-3990-3005-4178.png
5633	1	1675	4186	3003	4611	91	0.88759	С 5 июля по 5 ноября 1943 года Красная Армия нанесла немецко- фашистским войскам тяжелые потери в людях и технике. За этот период наши войска разбили 144 дивизии противника, из нах танковых и мото- рисованных 28 дивизии. Все эти дивизии за вред летней кампании неоднократно пополнялись живой силой и техникой. Противник потерял только убитыми до 900.000 солдат и офицеров. Взято в плен 98.000 не- мецких солдат и офицеров, из коих более половины раненых. Всего же за время летних боев противник потерял убитыми, ранеными и пленны- ми более 2.700.000 солдат и офицеров.	vol-5633-page-01-seg-028-1675-4186-3003-4611.png
5633	1	1671	4635	2998	5009	79	0.93043	За этот период нашими войсками уничтожено: самолетов противни- ка -- 9.900, уничтожено и подбито танков -- 15.400, из них «тигров» и "пантер" - 800, бронемашин -- 890, уничтожено орудий разного калиб ра -- 13.000, из них самоходных орудий "фердинанд" - 1.350, миноме- тов около 13.000, пулеметов свыше 50.000, автоматин --- 60.500, авто- цистерн -- 390, мотоциклов -- 2.500, тракторов -- 900, повозок с гру- зами -- 13.000, железнодорожных вагонов более 4.000, паровозов более 300, разных складов более 2. 000.	vol-5633-page-01-seg-029-1671-4635-2998-5009.png
5633	1	1664	5023	2994	5588	116	0.91659	За это же время нашими войсками захвачены следующие трофеи самолетов -- 289, танков -- 2.300, из них «тигров» и «пантер» -- 204 бронемашин --- 190, орудий разного калибра -- 6.880, в том числе само- ходных типа «фердинанд» -- 139, минометов -- 6.180, пулеметов 24.460, снарядов - 7.759.000, мин -- 2.100.000, авиабомб -- 300.000 противотанковых, противопехотных мин и фугасов - 1.500 000, винто- вок и автоматов свыше 450.000, винтовочных патронов --- 100.500.000 кабеля разного свыше 50.000 километров, автомашин -- 15.482, парово- 30В -- 414, вагонов -- 13.210, повозок с грузами - 5.400, лошадей 30.400, тракторов и тягачей -- 873, складов с различным военным иму- му- ществом -- 1.889, мотоциклов около 3.000, велосипедов--16.685, радио- станций -- 1. 201.	vol-5633-page-01-seg-030-1664-5023-2994-5588.png
5633	1	1666	5603	2988	5740	31	0.92184	Всего противник с 5 июля по 5 ноября 1943 года потерял: самоле- тов --- 10.189, танков -- 17.700, орудий - 19.800, пулеметов - 74.460 минометов - 19.180, автомашин -- 75. 982.	vol-5633-page-01-seg-031-1666-5603-2988-5740.png
5633	1	1664	5757	2986	6036	46	0.90561	Координацию действий войск фронтов и помощь в руководстве бое- выми операциями наших войск по общевойсковой части осуществляли представители Верховного Главнокомандования маршал Василевский маршал Воронов, маршал Жуков, маршал Тимошенко, а по авиацион- ной части -- маршалы авиации Голованов и Новиков и генерал-полков- ники авиации Ворожейкин, Фалалеев, Худяков.	vol-5633-page-01-seg-032-1664-5757-2986-6036.png
5633	1	2520	6053	2897	6087	1	0.97828	совинформбюро	vol-5633-page-01-seg-033-2520-6053-2897-6087.png
5633	1	3125	823	4357	986	8	0.98533	ОТ СОВЕТСКОГО ИНФОРМБЮРО Оперативная сводка за 4 ноября	vol-5633-page-01-seg-034-3125-0823-4357-0986.png
5633	1	3070	1001	4402	1345	71	0.93906	В течение 4 ноября в районе между рекой ДНЕПР и побережьем КАРКИНИТ- Ского залива наши войска продолжали развивать наступление и с боями овладели районными центрами Николаевской области городом ЦЮРУПИНСК (АЛЕШКИ), го- родом ГОЛАЯ ПРИСТАНЬ, а также заняли более 30 других населенных пунктов, в том числе крупные населенные пункты КАЗАЧЬИ ЛАГЕРИ, РАДЕНСКОЕ, КОСТА- ГРЫЗОВО, БОЛЬШАЯ КАРДАШИНКА, СТАРАЯ и НОВАЯ ЗБУРЬЕВКА, ДОЛМА- ТОВКА, НОВО СОФИЕВКА, НОВАЯ АЛЕКСЕЕВКА, КЛАРОВКА; БЕХТЕРЫ, ЖЕЛЕЗ- - ЮЖНЫЙ ПОРТ.	vol-5633-page-01-seg-035-3070-1001-4402-1345.png
5633	1	3070	1354	4396	1652	53	0.95209	В излучине ДНЕПРА юго-западнее ДНЕПРОПЕТРОВСКА наши войска, преодоле вая сопротивление противника, заняли несколько населенных пунктов. Севернее КИЕВА наши войска вели бои по расширению плацдарма на правом берегу ДНЕПРА и после ожесточенных боев овладели районным центром Киевской области ДИМЕР и сильно укре-ленными опорннтами противника MA- НУИЛЬСК, ФЕДОРОВКА, ГЛЕБОВКА, КОЗАРОВИЧИ, ГОРЯНКА, ДАЧИ ПУЩА ВОДИЦА дица.	vol-5633-page-01-seg-036-3070-1354-4396-1652.png
5633	1	3068	1664	4396	1958	51	0.93287	В районе западнее и юго-западнее Невеля наши войска вели бои местного значения, результате которых заняли более 70 населенных пунктов и среди них МЯКИНИНО, БОСЮРОВО ПУШКАРЕВО. БОРДИНО, Туричино, литвиново, жу- ЛЕВО, ШВЕДЫ, ГОРОДИЩЕ, ХАРИНА, ПОЗДНЕВО и железнодорожные станции НОВОХОВАНСК, ЖЕЛЕЗНИЦА, МОЛОКОЕДОВО. стрелка. На других участках фронта - разведка и артиллерийско-минометная пере 1.	vol-5633-page-01-seg-037-3068-1664-4396-1958.png
5633	1	3066	1971	4393	2087	25	0.94756	В течение 3 ноября наши войска на всех фронтах подбили и уничтожили 81 танк. В. воздушных боях и огнем зенитной артиллерии сбито 40 самолетов противника.	vol-5633-page-01-seg-038-3066-1971-4393-2087.png
5633	1	3041	2155	3708	2702	84	0.94023	В районе между рекой Днепр и карки- финским заливом наши войска продолжали успешное наступление и с боями овладели районными центрами Николаевской области городом Цюрупинск (Алешки) и городом Голая Пристань. Занято также более 30 других населенных пунктов. Противник несет огромные потери. За день боев убито свыше 2.000 немецких солдат и офицеров. Уничтожено 26 танков, 10 самоходных ору- лий, 5 бропемаший и свыше 100 автома- шин с войсками и военными грузами про- тивника. Остатки разбитых и рассеянных немецких частей группами сдаются в плен. Захвачены большие трофеи.	vol-5633-page-01-seg-040-3041-2155-3708-2702.png
5633	1	3038	2764	3702	3277	80	0.93503	В излучине Днепра, юго-западнее города Днепропетровск, части Н-ского соединения продолжали продвигаться вперёд и занял в несколько населенных пунктов. В боях за эти пункты наши бойцы истребили свыше 800 солдат и офицеров противника. Уни- чтожено 3 танка, 2 самоходных и 12 по левых орудий. Взяты пленные и трофен. Захваченные в плен немецкие солдаты показали, что 46 немецкая пехотная ли- визия обескровлена в последних боях и потеряла всю свою артиллерию. Остатки частей этой дивизии ввиду больших по- терь отводятся с линии фронта.	vol-5633-page-01-seg-042-3038-2764-3702-3277.png
5633	1	3030	3345	3698	4078	104	0.94258	Севернее Киева наши войска вели бои по расширению плацдарма на правом бе- регу Днепра. Части Н-ского соединения, в результате ожесточенных боев, сломили сопротивление противника и заняли рай- онный центр Киевской области Дымер и несколько других сильно укрепленных опорных пунктов. Немцы подтягивают силы с других участков и всеми мерами стараются задержать продвижение совет- ских войск. Неоднократные контратаки противника, пытавшегося восстановить по- ложение, отбиты с большими для него по- терями. За лень боев уничтожено до полка немецкой пехоты. Нашими войсками зах- бачены трофей, в числе которых 34 поле- вых орудия, 5 самоходных орудий типа "Фердинанд", 4 шестиствольный миноме- та, дивизионные склады боеприпасов и во- енного имущества.	vol-5633-page-01-seg-044-3030-3345-3698-4078.png
5633	1	3026	4083	3690	4332	37	0.93067	Советские летчики активно поддержива- ли действия наземных войск. Нашей авиа цией уничтожено и повреждено до 20 не- мелких танков, 150 автомашин, подавлен огонь 28 артиллерийских и минометных батарей. В воздушных боях за день сбито 32 немецких самолета.	vol-5633-page-01-seg-045-3026-4083-3690-4332.png
5633	1	3026	4406	3685	4510	19	0.92499	Западнее и юго- западнее Невеля наши войска вели бои местного значения и за- няли более 70 населенных пунктов. Осо-	vol-5633-page-01-seg-046-3026-4406-3685-4510.png
5633	1	3723	2159	4394	2556	61	0.94714	бенно ожесточенные бои развернулись в районе одного крупного населенного пун- кта. Противник, пользуясь выгодными по- зициями, оказывал упорное сопротивление. Наши танкисты обошли населенный пункт вместе с автоматчиками ворвались на его улицы. Батальон гитлеровцев, оборо- нявший этот пункт, в большей своей час- те был уничтожен, а его остатки сла- аис в плен. Захвачено у немцев 13 ору- дий и крупный склад боеприпасов.	vol-5633-page-01-seg-047-3723-2159-4394-2556.png
5633	1	3725	2635	4391	3146	70	0.94918	Несколько партизанских отрядов, дейст- вующих в Брестской области, предприня ли совместную операцию по разрушению путей сообщения противника. Партизаны истребили свыше 100 гитлеровцев, охра- нявших железную дорогу, и разрушили 15 километров пути. Броме того, советские патриоты взорвали железнодорожный мост пустили под откос два немецких воин- ских эшелона. В результате крушений разбиты 2 паровоза, 14 платформ с бое- вой техникой и 6 вагонов с солдатами. На шоссейной дороге уничтожены 22 немец- автомашины.	vol-5633-page-01-seg-049-3725-2635-4391-3146.png
5633	1	3715	3227	4385	3886	108	0.93739	Юго-западнее Днепропетровска захваче на в плен группа солдат 125 немецкой пе хотной дивизии. Пленный ефрейтор 12 роты 419 полка Йозеф Шеттген рассказал: «Сильной атакой русские выбили наш ба- гальюн из занимаемых позиций и нанесли ему тяжелые потери. Остаткам батальона удалось бежать в ближайший лес. Отту- да ны отошли в деревню, где и заняли оборону. Обер-лейтенант Шустер преду- предил нас, что всякий, кто еще раз ос- тавит позиции и отойдет назад, булет рас- стрелян. Несмотря на такое суровое пре- достережение, солдаты разбежались, как только узнали, что русские подошли к де- ревне с двух сторон. Я с группой солдат спрятался в стог сена и, дождавшись рус- ских, сдался в плен».	vol-5633-page-01-seg-050-3715-3227-4385-3886.png
5633	1	3708	3967	4377	4516	90	0.94175	Немецко-фашистские мерзавцы во вре- мя оккупации Дрибинского района Моги- левской области творили зверскую распра- ву над мирным населением. В селе Дроби- не осенью 1941 года гитлеровцы расстре- ляли 450 ни в чем не повинных жите лей, в том числе женщин и детей. Мно- гих крестьян гитлеровцы подвергали пуб- личной порке за неуплату непосильных налогов. За время оккупации и при от- ступлении фашистские бандиты разруши- ле и сожгли в селе Дрибине школу, боль- ницу, МТС и 350 жилых ломов. Немцы угнали на каторгу в Германию большое чи- сло жителей Дрибинского района.	vol-5633-page-01-seg-051-3708-3967-4377-4516.png
5633	1	3114	4582	4298	4668	7	0.97298	ПРИСВОЕНИИ ВОИНСКОГО ЗВАНИЯ ГЕНЕРАЛ-МАЙОРА солодовник н. с.	vol-5633-page-01-seg-052-3114-4582-4298-4668.png
5633	1	3043	4685	4366	4837	30	0.95096	Постановление Совета Народных Комиссаров Союза ССР Совет Народных Комиссаров Союза ССР постановляет: Присвоить установленное Указом Президиума Верховного Совета СССР от 7 мая 1940 года воинское звание генерал-майора Солодовник Нестору Семеновичу.	vol-5633-page-01-seg-053-3043-4685-4366-4837.png
5633	1	3100	4846	4300	4962	20	0.92647	Председатель Совета Народных Комиссаров Союза ССР. И. СТАЛИН Управляющий Делами Совнаркома СССР Я. ЧАДАЕВ Москва, Кремль. 4 ноября 1943 года.	vol-5633-page-01-seg-054-3100-4846-4300-4962.png
5633	1	3134	5028	4260	5212	19	0.93904	указ президиума верховного совета ссср О ПРИСВОЕНИИ ЗВАНИЯ ГЕРОЯ СОВЕТСКОГО СОЮЗА ОФИЦЕРСКОМУ СОСТАВУ БРОНЕТАНКОВЫХ И механизированных войск красной армии	vol-5633-page-01-seg-055-3134-5028-4260-5212.png
5633	1	3032	5235	4360	5461	43	0.93397	За образцовое выполнение боевых заданий командования на фронте борьбы немецкими Захватчиками и проявленные при этом отвагу и геройство присвоить звание Героя Советского Союза с вручением ордена Ленина и медали "Золотая Звезда»: 1 Гвардии полковнику Бубнову Николаю Матвеевичу. 2. Гвардии полковнику Калустову Григорию Шаумовичу.	vol-5633-page-01-seg-056-3032-5235-4360-5461.png
5633	1	3095	5470	4292	5586	19	0.92174	Председатель Президиума Верховного Совета СССР КАЛИНИН Секретарь Президиума Верховного Совета СССР А. ГОРКИН Москва, Кремль. 4 ноября 1943 г.	vol-5633-page-01-seg-057-3095-5470-4292-5586.png
5633	1	3170	5655	4178	5738	7	0.98665	ПЕРЕВЫПОЛНЕН ОКТЯБРЬСКИЙ ПЛАН ДОБЫЧИ и переработки нефти	vol-5633-page-01-seg-058-3170-5655-4178-5738.png
5633	1	3009	5763	3671	5943	22	0.94031	Нефтяники встречают 26 годовщину Октября большими производственными до- стижениями. Октябрьский план добычи и переработки нефти в целом нефтяная про мышленность СССР перевыполнила.	vol-5633-page-01-seg-059-3009-5763-3671-5943.png
5633	1	3000	5954	3668	6099	17	0.90453	Намного превысили месячную программу Азербайджанский и Грозненский нефтеком- бинаты. С каждым месяцем увеличивают добычу промыслы Майкопа, восстанавлива-	vol-5633-page-01-seg-060-3000-5954-3668-6099.png
5633	1	3692	5766	4357	6057	34	0.93541	ющие свое хозяйство, разрушенное гитле- русскими оккупантами. Перевыполнили за- ламие Башкирский, Куйбышевский, Казах- станский, Молотовский и Дальневосточный нефтекомбинаты и трест «Туркменнефть». Перекрыт план производства основных нефтепродуктов бензина, лигроина, ке- росина, авиационных масел и др.	vol-5633-page-01-seg-061-3692-5766-4357-6057.png
5633	1	4191	6062	4307	6100	1	0.88896	(TACC)	vol-5633-page-01-seg-062-4191-6062-4307-6100.png
5633	2	1956	299	2535	335	1	0.90887	Красная	vol-5633-page-02-seg-002-1956-0299-2535-0335.png
5633	2	3596	1728	4041	1846	3	0.86870	25 75 100	vol-5633-page-02-seg-003-3596-1728-4041-1846.png
5633	2	3402	812	4260	889	2	0.96647	условные обозначения	vol-5633-page-02-seg-004-3402-0812-4260-0889.png
5633	2	3391	926	4265	1390	16	0.96193	Линия фронта 12 июля 1945. Линия фронта 5 ноября 1943 Территория, освобожденная от немецко -фашистских захватчиков.	vol-5633-page-02-seg-005-3391-0926-4265-1390.png
5633	2	3510	294	4246	333	8	0.89985	5 ноября 1943 г., пятница. № 262 (5633)	vol-5633-page-02-seg-006-3510-0294-4246-0333.png
5633	2	277	455	4241	692	12	0.98235	территории, освобожденной Красной Домией от немецкой оккупации за период с 4046DA 1943	vol-5633-page-02-seg-007-0277-0455-4241-0692.png
5633	3	366	229	1102	271	8	0.91365	5 ноября 1943 г., пятница. № 262 (5633)	vol-5633-page-03-seg-001-0366-0229-1102-0271.png
5633	3	645	347	2679	548	14	0.97036	либьямо казаков и казачек, рабочих и работниц и интеллигенции советской гавани товарищу СТАЛИНУ И.	vol-5633-page-03-seg-003-0645-0347-2679-0548.png
5633	3	305	569	965	899	46	0.94338	Дорогой и любимый наш вождь и отеп. тебе, родному, обращаемся сегодня мы сыны и дочери твои вольные казаки и казачки Советской Кубани! В радостный час освобождения всей нашей богатой, плодородной кубанской земли, наших любимых городов и ста- ниц, прими от нас сыновний поклон большое сердечное спасибо.	vol-5633-page-03-seg-004-0305-0569-0965-0899.png
5633	3	303	903	960	1047	21	0.92905	Нынче у нас, у казаков, у всех тру- дящихся Кубани, такая радость, такой праздник, какого не знали ни деды, прадеды наши.	vol-5633-page-03-seg-005-0303-0903-0960-1047.png
5633	3	296	1053	960	1783	112	0.95138	Дорогой отец, полководец и вождь, горячо и радостно бьются сейчас наши сердца, как счастливо светятся глаза как торжественны лица у всех! Даже старые, седые казаки и казачки, у кото- рых нынче на войне не только сыны, но и внуки, и те лихо расправпли плечи и гордо подняли головы. Глянешь вокруг и кажется, будто каждая ветка, каждое травка поют вольную казачью песню. А всей этой несказанной радостью, ве- ликим счастьем своим наша Кубань обя- зана тебе, мудрому вождю и полководцу, освободителю земли советской! Родной наш, любимый, никогда, во- веки-веков не забудем мы, не забудут наши дети и внуки тяжких, черных, как могила, дней страшного фашистского раб- ства, горьких дней пленения проклятым немцем красавицы-Кубани.	vol-5633-page-03-seg-006-0296-1053-0960-1783.png
5633	3	275	1787	948	4309	391	0.94002	В августе прошлого года, когда в на ших садах от обилия сочных плодов гнулись долу деревья, когда шумел буйным колосом золотые кубанские новый когда наливался и зрел виноград, а на пасеках светлые соты пополнялись аро- матным кубанским медом, мы с горечью и болью в сердце оставляли свой колхоз- ный край, шли по пыльным шляхам запада на восток. За нами оставались родные, широкие, безбрежные чернозем- ные поля, шумные леса, буйные реки Кубани. Но мы знали, что в столице Ро- ДИНЫ Москве не спит ночами, думает и болеет сердцем за нас всех великий Сталин, вы знали, дорогой наш отец, что ты не оставишь в беде ни одного совет- ского человека, что недалек час, когда ведомая тобой Красная Армия вырвет Кубань из немецкого плена, вызволит наших женщин и детей, стариков наших из-под кровавого вражеского ига. Дорогой Иосиф Виссарионович! Тяжко казаку вспомнить неволю, илен, а тем паче немецкий. Скорей придет казах смерть, чем потеряет свободу, стапет рз- бом чужеземца. Никогда не стоял каза на коленях перед проклятым ворогом! Но, как ни тяжко вспоминать немецкой неволе, а рассказать о ней надо, чтобы все люди на земле знали, что такое не- мед-захватчик. Враг полонил наш родной край, опога- нил нашу землю, осквернил наши реки, разрушил наши города и станицы, 08. как стервятник, терзал наших детей, жен невест, матерей и отцов, сестер и братьев, За время хозяйничанья на Кубе подлый немецкий гад замучил, растер- зап, убил и угнал в фашистскую неволю десятки тысяч мирных людей. horny только издевательства и пытки ни приду- мывал этот кровавый и жестокий палач! Он изобрел машины-душегубки отравлял в них жителей городов станиц Кубани. Спокойно, как заправский разбойник, уби- вад он стариков старух, малолетних детишек. В застенках гестапо день ночь раздавались стоны и нечеловеческие вопли. Это немцы пытали, мучили, жгли и душили сынов и дочерей Бубани. Как вспомнишь черных днях фашистской Неволи сердце обливается кровью, и нет слов, чтобы излить весь гнев, всю ненависть к проклятым, осатаневшим от крови бандитам. - Это они на Новороссийской дороге схва- тили колхозника Бударного и его семнад- цатилетнего сына, избили их, потом расстреляли. Это они хуторе Ново- Троицкое расстреляли 150 наших ста- ничников, а затем облили трупы горю- чим и сожгли. Это они расстреляли всю семью нашего кубанца председателя кол- хоза товарища Хименко, На глазах у ма- тери палачи сперва убили детей - двух- летнюю девочку. Галину, трехлетнюю Та- мару, взрослую дочь Марию, потом зверски замучили и ее.	vol-5633-page-03-seg-007-0275-1787-0948-4309.png
5633	3	273	4315	933	4681	55	0.93973	В станице Крымской немецко-фашист- ские людоеды повесили возле базара шестнадцать колхозников. Но и с забро- шенной на шею петлей кубанские казаки не просили милости у врага, они стойко держались перед лицом своих палачей. Один из наших земляков с лицом, зали- тым кровью, гордо, по-орлиному поднял голову и крикнул подлому врагу: «Ро- дина за нас отомстят!"	vol-5633-page-03-seg-008-0273-4315-0933-4681.png
5633	3	271	4692	929	4909	28	0.94456	Не пересказать и не пересчитать всех пыток и надругательств фашистской са- таны над нашим народом. Немецко-фаши- стские головорезы надругались над нашей вековой казачьей честью. станице Ново-Титаровской фашистский солдафон	vol-5633-page-03-seg-009-0271-4692-0929-4909.png
5633	3	975	576	1645	1852	187	0.94995	забрал последнюю свинью у колхозницы Ксении Волошко и заставил казачку, вак лошадь, впрячься в сани и везти свинью через всю станицу. Нет, сколько жили казаки на свете, такого позора ч срама не видели никогда! Это немецкие оккупанты разорили, раз- рушили и сожгли наши хаты, наше кол хозы и совхозы, фабрика и заводы, шко- лы и вузы, театры и сады. что сделали немцы c цветущим центром Кубани ------ красным черноморским городом Новорос сийском, с Армавиром, Темрюком, Анапой, Таманью и многими другими городами и стапицами! Но этот разбой, пролитая кровь казака- кубанца не прошла и не пройдет немпу даром! Великая, бессмертная ненависть огнем опалила наши сердца. Этой непз- вистью были налиты пули кубанских партизан, эта ненависть еще острее от- точила клинки наших земляков-воинов; святая неугасимая ненависть повела сы- нов наших, отцов и братьев в грозном атаку, чтобы бить поганую немчуру, бить люто, нещадно, насмерть. За бога- ты реку Кубань, за великую Родину нашу, за жизнь и народное счастье дра лись партизанские отряды, дрались ка- заки, казачки и даже малые казачата. Народные мстители Кубани в тяжкие дни немецкой оккупации уничтожили тысячи фашистов, пустили под откос десятки поездов с военными грузами.	vol-5633-page-03-seg-010-0975-0576-1645-1852.png
5633	3	971	1854	1630	2364	75	0.94819	Вся семья советского специалиста, жителя города Краснодара товарища Игна- това жена и двое детей ушли в пар тизаны. Они мстили фашистским голово резам за муки, слезы и кровь наших людей. Два сына Игнатова при взрыве вражеского эшелона пали смертью храб- рых. Им посмертно присвоено звание Ге- роя Советского Союза. Немцев на Кубани нещадно громили все, в ком бьется настоящее русское сердце, в ком немеркнущим пламенем го- рит любовь к отчизне, любовь народу, тебе, великий Сталин.	vol-5633-page-03-seg-011-0971-1854-1630-2364.png
5633	3	958	2368	1626	4309	295	0.93514	Шоганому ворогу пе удалось сломить волю казака свободной жизни, не ушла- лось бросить Кубань на растерзание не- немецких баронов и помещиков. Кубанские казаки были и остались гордыни и храй- рыми, как их деды и прадеды, прямые :: потомки лихих запорожцев. Они похожи на своего земляка из станицы Марьян- ской шестидесятидвухлетнего казака Ана- ния Дмитриевича Трегуб честного, гордого, недокоренного русского человека. Немды вместе с группой других казаков расстреливали его на берегу родной Кубани. Но чудом Ананию Дмитриевичу Трегуб удалось спастись. Облитый кровью, в ранах, казак добрался до своей хаты. Боль и страдания не свалили ста- рого кубанца, не заглушили в нем лю- тую казачью ненависть к врагу. Па дру- гой день он пришел фашистскому коменданту, блювул ему в морду и ска- зал: наша возьмет, всё равно! Вот они какие казаки-кубанцы! В хуторе Георгиевском немцы арестовали шестнадцатилетнюю дочь партизана Дусю Сороку. Они потребовали, чтобы девуш- ка выдала партизан. Вернал дочь Кубани золчала. Тогда немцы согнали на площадь жителей хутора п потребовали выдачи семьи партизана Сорокипа, но хутор тоже молчал. В отместку проклятые изверги положган хутор и жестоко расправились с Дусей Сорокиной. Они вырезали ей нос, икры на обеих ногах, выбили зубы, вы- давили глаза и бросили умирать в степи. Девушка погибла от страшных пыток, но предателем не стала. Вот они какие - кубанские казачки!. Неугасимая ненависть врагу полы- хает в наших сердцах. С нею идут в бой на фашистских захватчиков наши сыны и мужья, отцы и братья. Они свято хранят вековую казачью воинскую славу. Как не гордиться план, родной Иосиф Виссарионо- впч, казаками-доваторпани, казаками-кн- риченковцами! Опи верные сыны Ро- бесстрашно рубили и рубят го- товы немецким бандитам. Они не опустят прославленный дедами и прадедами, бес- страшным Кочубеем казачий клинок до тех нор, пока не будет изгнан с нашей совет- ской земли, пока не будет разгромлен за- хватчик-птенец.	vol-5633-page-03-seg-012-0958-2368-1626-4309.png
5633	3	950	4322	1609	4905	88	0.93789	В казачьих полках и дивизиях вырос- ли бесстрашные герои --- наши земляки. Мы гордимся своим земляком командиром артиллерийского дивизиона майором Чекурда. Немцы расстреляли его жену мучили в гестапо шестилетнюю дочь, но казака но сломили никакие беды. Он дрался вместе с дивизией Тутаринова под Кущевкой. Его батарейцы спалили в од- ном бою семь и подбили два немецких танка, они на руках перетащили свои пушки зимой через горные перевалы. Мы гордимся своей землячкой пулеметчицей Марусей Серпокрыловой. Орденом Крас- ного Знамени, медалью «За отвагу» на- градила ее Родина. Мы гордимся кубан-	vol-5633-page-03-seg-013-0950-4322-1609-4905.png
5633	3	1662	578	2322	1191	81	0.94274	чем Героем Советского Союза старшим сержантом Михаилом Карницким, пятна1- цатилетним моряком Витей Чаленко, бесстрашно погибшим Новороссийска. Мы гордимся гвардии капитаном Тищенко. Он погиб, освобождая от врага свою род- ную станицу Абинскую. Имена этих ге- роев никогда не забудет Кубань, всегда будут жить в наших сердцах, В сердцах внуков и правнуков наших. Наши земляки-кубанцы лихо били не- мецко-фашистских захватчиков Москвой и Сталинградом, они сейчас, вы- соко подняв остро отточенные казачьи клинки, очищают от немецких разбойни- ков братские земли Украины и Белорус- сии.	vol-5633-page-03-seg-014-1662-0578-2322-1191.png
5633	3	1647	1201	2317	2440	201	0.94551	казаки-кубанцы всегда били инозем- ных захватчиков. Они сражались в Оте- Чественную войну 1812 года, они оборо- няли Севастополь в 1854--55 гг. Их второй пластунский батальон за примерное отличие при обороне Севасто- поля жалован был Георгиевским знаме- нем. hубанцы бывали на Балканах и в Манчжурии, в лесах Восточной Пруссии и в песках Багдада. Кубанцы бывали на Карпатах и в Берлине! Прославленные конники-казаки сейчас, ведомые тобой, великий Сталин, покрыва- ют свои боевые знамена новой славой Они удивляют весь мир своими подвигами в борьбе с немецкими оккупантами. За родную Кубань славно бились наши Земляки. Это ты, родной и любимый отеп, смело вел их в бой, это ты, великий пол- ководец, принес нам радость освобождения. И вот сегодня мы шлем тебе свое благо- дарное письмо с Кубани, которая снова вся стала свободным и вольным краем. Сегодня на ее земле нет ни одного немца. Кубань! Родина наша, Кубань, наш кол- хозный богатырь! Сколько сложено песен о пашем вольном, цветущем крае! Сколько стихов сложили поэты во славу его! Да вот сегодня и мы казаки и казачки, которые больше привычны к боевому коню и клинкам, к косам да к тракторам, стан- кам и машинам, в светлый час освобожде- ния решили выразить свою радость, свою любовь, свою клятву стихами:	vol-5633-page-03-seg-015-1647-1201-2317-2440.png
5633	3	1683	2451	2307	3000	80	0.93953	Мы работали мирпо и свободно могли бы Так работать, чтоб наши победы росли. По весне прилетали в наш край журавли И метали икру красноперые рыбы. Золотые колосья зерном наливались, Гнулись долу деревья от тяжких плодов. Так мы радостно жили, не зная оков, И счастливые дети у нас нарождались. Тот, кто гостем желанным бывал на Кубани, Где цветет изобильем родная земля, Не забудет бескрайние наши поля И заветную песнь камышей на Тамани. Всё у нас --- до цветущих и стройных берез,	vol-5633-page-03-seg-016-1683-2451-2307-3000.png
5633	3	1679	3002	2296	3368	46	0.91823	До тропических пальм, золотых мандаринов. Нашим предкам когда-то ключи от Берлина Бургомистр немецкий с поклоном принес Никогда никому не платили не дань И рабайи врагов никогда не бывали. Мы в суровых сраженьях тебя отстояли Черноземный наш край, дорогая Кубань! В тот же день, когда жерла орудий	vol-5633-page-03-seg-017-1679-3002-2296-3368.png
5633	3	1679	3372	2294	3772	42	0.90617	врага Повернулись на нас, чтобы смять и развеять, Мы пошли за тебя, паших сил не жалея Потому что для нас ты, как жизнь, дорога. Враг, не зная пощады, глумился на нами, Гад проклятый по землям кубанским ходил, Только ты, наш любимый, опять	vol-5633-page-03-seg-018-1679-3372-2294-3772.png
5633	3	1677	3780	2290	3878	11	0.92461	водрузил Над родимой Кубанью советское знамя Мы клянемся свой дом по-хозяйски	vol-5633-page-03-seg-019-1677-3780-2290-3878.png
5633	3	1679	3892	2292	4066	17	0.93001	отстроить, Вновь сады зацветут, разрастутся поля Всё родит черноземная наша земля Больше прежнего времени вдвое и втров.	vol-5633-page-03-seg-020-1679-3892-2292-4066.png
5633	3	1635	4068	2292	4366	40	0.93754	Любимый Иосиф Виссарионович! Наш честный, самоотверженный труд на кол- хозных и совхозных полях, в духах заво дов и фабрик лучше всего выражает те священные чувства благодарности тебе, ге- роической Красной Армии, которые сей- час испытывает каждый труженик свобод- ной Кубани.	vol-5633-page-03-seg-021-1635-4068-2292-4366.png
5633	3	1630	4370	2296	4702	46	0.93899	Воодушевленные победами воинов герои- ческой Красной Армии, мы трудимся, не покладая рук, во имя победы. В короткий срок в нашем крае восстанов- лены и пущены в ход заводы и фабрики, разрушенные немецко-фашистскими раз- бойниками, налажена бесперебойная работа железнодорожного транспорта. Всюду ки- пит радостный, созидательный труд; наши	vol-5633-page-03-seg-022-1630-4370-2296-4702.png
5633	3	2337	584	3002	1565	135	0.94404	люди вольные и счастливые - из раз- валин, из пепла поднимают свой родной край. Заводы и фабрики столицы Кубани успешно выполнили и перевыполнили свои полугодовые и квартальные планы. Они дали Родине и фронту продукции на не- сколько десятков миллионов рублей. В ав- густе нынешнего года коллектив Красно- дарского трамвая завоевал республиканское первенство в социалистическом соревнова- пии предприятий коммунального хозяйства получил первую премию. Сейчас в Краснодаре, Армавире, Ново- российске и многих других городах вос- станавливаются промышленные и промыс- ловые предприятия, школы, больницы, те- атры, тысячи жилых домов. Казаки и казачки Кубани на колхозных и совхозных полях показывают примеры самоотверженного труда. Из урожая этого года мы дали Красной Армии миллионы пудов первосортного зерна. За высокие показатели по развитию сельского хозяйст- ва наш Березанский зерносовхоз удостоен высокой чести ему вручено переходя- щее Красное Знамя Государственного Коми- тета Обороны.	vol-5633-page-03-seg-023-2337-0584-3002-1565.png
5633	3	2332	1569	2996	2411	125	0.93853	В тяжелых условиях довелось нам тру- даться в нынешнем году. Под разрывами бомб фашистских стервятников рабочие и работницы восстанавливали свои родные заводы и фабрики, трудились у станков и машин, колхозники и колхозницы возрож- дали свои хозяйства, собирали военный урожай. Под пулями рыбаки и рыбачки брали высокие уловы и уже дали Крас- пой Армии и Родине сотни тысяч пудов свежей высокосортной рыбы. Растет и крепнет наша помощь муже- ственным воинам Красной Армии. Она бу- дет расти не по дням, а по часам! Кубанцы собрали в фонд Красной Ар- мии свыше десяти миллионов пудов зерна и сорок шесть миллионов рублей дали на строительство танковой колонны «Совет- ская Кубань». C огромным патриотическим подъемом прошла у нас подписка на военный заем. Наш край дал взаймы государству 273 миллиона рублей.	vol-5633-page-03-seg-024-2332-1569-2996-2411.png
5633	3	2318	2413	2988	3588	177	0.93422	Весь мир знает, какие лихие конники казаки-кубанцы. Но они вместе с тем отличные бывалые пластуны. Еще в давние времена прославили себя в боях за отчизну казачьи пластунские полки п батальоны. В нынешнем году по примеру своих предков мы сформировали кубанскую пластунскую дивизию. В нее влились лучшие сыны советского казачества. Наши пластуны в боях за Родину покажут про- клятому ворогу, что такое казак! Горячая сейчас пора на Кубани. Вооду- шевленные победами Красной Армии, муд- рым историческим постановлением партии и правительства «О неотложных мерах по восстановлению хозяйства в районах, ос- вобожденных от немецкой оккупации", мы трудимся день и ночь. Поют пилы и ру- банки, стучат топоры и молотки. Это Ку- бань отстраивает свой дом. Много у нас дел, очень много. Нужно полностью в короткий срок стереть с лица земли следы разбойничьего хозяйничанья немцев, быстрее восстановить в полном об"еме промышленность и сельское хозяй- ство, транспорт и промысла. Мы должны образцово завершить уборку и хлебозаго- товки, засеять все поля сделать всё, чтобы Кубань снова стала богатейшей житницей Советского Союза и давала на- шей Родине всё, что она, благодатная, мо- жет дать!	vol-5633-page-03-seg-025-2318-2413-2988-3588.png
5633	3	2302	3590	2977	4702	165	0.92893	Дорогой Иосиф Виссарионович! Именем своих седых предков, своих любимых де- тей клянемся тебе, что мы из пепла и развалин возродим родную Кубань, отдадим все свои силы, всю жизнь без остатка ра ди победы над самым коварным и злобным врагом - немецкими разбойниками, Родной наш отец! Никогда над нашей любимой Кубанью не померкнет солнце свободы, которое зажег ты, никогда боль- ше не будут топтать родимые кубанские земли проклятые фашистские звери. Ку- бапь навечно вольный край! Прими же еще раз от нас большое, иду- щее от всего сердца казака спасибо за ра- дость и счастье, которое ты снова нам вернул. Желаем тебе, наш родной и люби- мый, здоровья и сил, много лет жизни на радость друзьям и на страх врагам. Да здравствует наша победа! Да здравствует вольный и могучий со- ветский народ! Да здравствует наша родная освободи- тельница - бесстрашная Красная Армия и Военно-Морской Флот! Слава героическим бойцам и офицерам, освободившим Кубань от проклятых немеп- ких захватчиков! Слава тебе, великий полководец, вождь и отеп - любимый Сталин!	vol-5633-page-03-seg-026-2302-3590-2977-4702.png
5633	3	1734	4719	2933	4903	32	0.92840	(Письмо обсудили на своих собраниях колхозники, колхозницы, рабочие работницы, интеллигенция Кубани и подписали 536.705 человек). Секретарь Краснодарского крайнома Председатель исполкома краевого ВИП(6) СЕЛЕЗНЕВ. Совета депутатов трудящихся 27 октября 1943 года. . ТЮЛЯЕВ.	vol-5633-page-03-seg-027-1734-4719-2933-4903.png
5633	3	3083	352	4307	523	7	0.98044	районе между днепром и побережьем КАРКИНИТСКОГО- ЗАЛИВА	vol-5633-page-03-seg-028-3083-0352-4307-0523.png
5633	3	3017	607	3681	1924	185	0.94734	Сегодня в районе между Днепром и по- бережьем Каркинитского залива наши вой- ска, преодолевая упорное сопротивление немцев, вновь продвинулись вперед и за- ияли большое количество населенных пунктов. После упорных боев поступающие овладели районными центрами - городом Цюрупинск и городом Голая Пристань. Таким образом, весь левый берег Днепра до самого Днепровского лимана освобожден от немецко-фашистских войск. На левом берегу реки, в районе городов Цюрупинск и Голая Пристань оборонялась значительное количество исприятельских частей, отброшенных сюда наступающими несколько дней тому назад. Неся большие потери, немцы тогда же пачоли поспешно переправляться через Днепр, по тут в бой вступили наша тяжелая артиллерия и авиация. Вражеские переправы через Днепр всё время находились под интенсивным артиллерийским огнем и подвергались воз- душным бомбардировкам. Немцы на всех переправах терпели огромный урон. Тем временем ряд неприятельских час- тей, которым не удалось оторваться от наступающих и переправиться через Днепр, вынужден был принять бой в районе Цю- рупинска и Голой Пристани. Па отдельных направлениях немцы попытались даже предпринять несколько контратак. Размер- велась борьба за опорные пункты, которые противник заранее подготовил к обороне. Немцы прилагали все усилия к тому, что- бы удержать эти опорные пункты в своих руках.	vol-5633-page-03-seg-029-3017-0607-3681-1924.png
5633	3	3013	1926	3670	2362	62	0.93177	Наступающие части соединения пред- приняли решительные атаки в направле- нии на Большие и Малые Копани, Келе- гейские хутора, Чалбасы, Михайловку Здесь также разгорелись бои. Немцы по пытались сопротивляться, но вскоре были отброшены. Нашим частям удалось овла- деть селениями Большие и Малые Копали Чалбасы, а также Михайловкой, Келегей всеми хуторами и другими пунктами. Вскоре весь этот район был полностью очищен от немецко-фашистских войск.	vol-5633-page-03-seg-030-3013-1926-3670-2362.png
5633	3	3700	605	4362	893	45	0.94366	Таким образом, вражеские части, оборо- нявшиеся на левом берегу Днепра в рай- оне Цюрупинска и Голой Пристани, ока- зались под ударами с фланга. Теперь уже наши войска предпринимали атаки с не- скольких сторон. Противник с огромными потерями отступал к Днепру, но продолжал еще оказывать сопротивление.	vol-5633-page-03-seg-031-3700-0605-4362-0893.png
5633	3	3702	905	4366	1495	79	0.95052	Особенно упорно оборонялись немцы в районе населенных пунктов Раденское Костогрызово. Они старались удержать эти опорные пункты в своих руках, не- смотря на то, что наши части значи- тельно продвинулись вперед и вышли с юго-запада на фланг неприятельских гар- пизонов. Тогда настуцающие, ПОДТЯНУВ сюда артиллерию, подвергли сильному обстрелу позиции немцев. Прижимаясь в разрывам своих снарядов, наша пехота сумела близко подойти к Раменскому и Костогрызову, а затем были предприняты решительные атаки. Вражеские гарнизоны были разбиты. Наши части овладели обоими населенными пунктами.	vol-5633-page-03-seg-032-3702-0905-4366-1495.png
5633	3	3692	1502	4360	2163	94	0.94615	Чтобы лишить немцев возможности пе- реправить свои силы за Днепр, одна наша часть, прорвав немецкую оборону, глу- боко вклинилась в ее боевые порядки. Вражеская оборона оказалась разрубленной надвое. Многие подразделения противника были охвачены паникой. Немпы перебро- сили на этот участок часть сил из дру- гого района. Они попробовали перейти в контратаку, но эта контратака была бы- стро отбита, а подразделения, брошенные в бой противником, оказались разбитыми на-голову. Под ударами наступающих немцы поспешно начали отходить. Они кинулись к переправам, но здесь, под ударами наших артиллеристов и воздей- ствием с воздуха, снова потерпели серьез- ный урон.	vol-5633-page-03-seg-033-3692-1502-4360-2163.png
5633	3	3690	2172	4349	2317	19	0.94044	Беспощадно громя остатки вражеских частей, наши войска полностью очистили от них левый берег Днепра районе Цюрупинска и Голой Пристани,	vol-5633-page-03-seg-034-3690-2172-4349-2317.png
5633	3	4007	2330	4298	2364	3	0.95697	Майор Б. ГЛЕБОВ	vol-5633-page-03-seg-035-4007-2330-4298-2364.png
5633	3	3193	2438	4167	2501	4	0.95760	Налет на вражеский аэродром	vol-5633-page-03-seg-036-3193-2438-4167-2501.png
5633	3	3292	2525	4070	2558	4	0.92280	Уничтожено 20 вражеских самолетов	vol-5633-page-03-seg-037-3292-2525-4070-2558.png
5633	3	2998	2582	3662	3336	118	0.96463	ДЕЙСТВУЮЩАЯ АРМИЯ, 4 ноября (По телеграфу от наш. корр. ). Летчики 292-й Красноградской штурмовой авиацион- ной дивизии совершили успешный налет на вражеский аэродром. Накануне разведчики установили, что противник сосредоточил на аэродроме до 150 самолетов, преимущест- венно одномоторных. Решено было произ- вести атаку двумя группами штурмовиков. Взлетев одновременно с двух аэродромов, эти группы пошли одна за другой с не- значительным интервалом. 26 самолетов «Ильюшин-2» прикрывала восьмерка истре- бителей, которую вел Герой Советского Союза капитан Корниенко. Когда над аэродромом противника поя- вилась первая девятка штурмовиков под командованием тов. Одинцова, в воздух взлетели шесть «ФВ-190». Они были встре- чены ведущим звеном. В результате воз- душного боя старший лейтенант Одинцов сбил один «ФВ-190», а его ведомый млад- ший лейтенант Петров два. Группа	vol-5633-page-03-seg-038-2998-2582-3662-3336.png
5633	3	3683	2588	4343	2685	17	0.96422	Одинцова отбомбилась успешно. Она уни- чтожила девять немецких самолетов, склад боеприпасов и без потерь отвалила от цели	vol-5633-page-03-seg-039-3683-2588-4343-2685.png
5633	3	3679	2692	4349	3334	110	0.96325	Затем к неприятельскому аэродрому про- рвалась вторая группа в составе 17. само- летов «Ильюшин-2», которой командовал тов. Компаниец. Пробиваясь сквозь зенит- ный огонь и отражая атаки вражеских ис- требителей, которые привязались к группе за 20 километров до цели, тов. Компаниец уверенно вел свои самолеты вперед. Над аэродромом его группу встретили еще 16 "Ме 09", взлетевшие с соседней площад- кн. Завязался крупный воздушный бой. Од- нако, «Мессершмитты» не сумели остано- вить штурмовиков, н те с высоты 1200 мет- ров атаковали стоянки вражеских машин. Налет на немецкий аэродром оказался достаточно эффективным. На земле и в воздухе было уничтожено не менее 20 са- мелетов противника, взорван склад боепри- пасов и подожжен склад горючего.	vol-5633-page-03-seg-040-3679-2692-4349-3334.png
5633	3	3207	3404	4129	3461	4	0.97476	В дни октябрьских торжеств	vol-5633-page-03-seg-041-3207-3404-4129-3461.png
5633	3	3083	3478	4290	3510	12	0.92840	Вечера и концерты в Центральном Доме Красной Армии им. М. В. Фрунзе	vol-5633-page-03-seg-042-3083-3478-4290-3510.png
5633	3	2994	3527	3654	4214	106	0.96051	Центральный Дом Красной Армии имени М. В. Фрунзе отмечает 26-ю годовщину Великой Октябрьской социалистической революции рядом докладов, торжественных вечеров и концертов. На-днях для агитаторов и пропаганди- стов частей московского гарнизона состо- ялся инструктивный доклад академика M. Б. Митина на тему «26-я годовщина Великой Октябрьской социалистической революции». В воинских частях Централь- ный Дом Красной Армии им. М. В. Фрун- зе провел более 200 докладов и лекций. В качестве докладчиков выступают гене- ралы, офицеры, академики, профессора. 6 и 7 ноября в Краснознаменном зале Центрального Дома Красной Армии им. М. Ф. Фрунзе состоятся торжественные вечера-концерты для генералов и офицер- ского состава. 9 ноября устраивается ве- чер для семей военнослужащих.	vol-5633-page-03-seg-043-2994-3527-3654-4214.png
5633	3	3675	3527	4336	3986	68	0.95229	В праздничные дни состоятся выступле- на Краснознаменного ансамбля красноар майской песни и пляски Союза ССР под руководством народного артиста СССР проф. А. В. Александрова, Государствен- ного джаза РСФСР под управлением J. Утесова, Государственного ансамбля на- родного танца Союза ССР, Государствен- ной русской хоровой капеллы. В кинозалах лектория проводится кино- фестиваль. Будут демонстрироваться кино- фильмы: «Человек с ружьем», «Великое зарево», «Ленин в Октябре», «Ленин в 1918 году» и другие.	vol-5633-page-03-seg-044-3675-3527-4336-3986.png
5633	3	3671	3994	4334	4207	29	0.94335	Для обслуживания воинских частей Цен- тральный Дом Красной Армии им. М. В. Фрунзе направил в действующую армию десятки концертных бригад, в составе ко- торых артисты крупнейших театров сто- лицы.	vol-5633-page-03-seg-045-3671-3994-4334-4207.png
5633	3	2986	4290	3656	4751	47	0.96539	В ПРЕЗИДИУМЕ ВЕРХОВНОГО о присвоении почетных званий московского ордена ленина и ХУДОЖЕСТВЕННОГО АКАДЕМИЧЕСКС Президиум Верховного Совета РСФСР постановил: За выдающиеся заслуги в области теат- рального искусства присвоить артистам и работникам Московского ордена Ленина и Трудового Красного Знамени Художест- венного Академического театра СССР имени М. Горького почетные звания:	vol-5633-page-03-seg-046-2986-4290-3656-4751.png
5633	3	3060	4783	3580	4814	3	0.95264	НАРОДНОГО АРТИСТА РСФСР	vol-5633-page-03-seg-047-3060-4783-3580-4814.png
5633	3	3024	4831	3645	4899	9	0.92674	1. Грибову Алексею Николаевичу - за- служенному артисту РСФСР.	vol-5633-page-03-seg-048-3024-4831-3645-4899.png
5633	3	3662	4290	4332	4616	33	0.96292	ВОЕННОГО СОВЕТА РСФСР РСФСР АРТИСТАМ И РАБОТНИКАМ трудового красного знамени го театра ссср имени м. горького 2. Кедрову Михаилу Николаевичу -- за служенному деятелю искусств РСФСР. 3. Соколовской Антонине Александровне заслуженной артистке РСФСР.	vol-5633-page-03-seg-049-3662-4290-4332-4616.png
5633	3	3673	4622	4326	4778	9	0.96390	заслуженного деятеля ИСКУССТВ РСФСР Фалееву Михаилу Григорьевичу -- дожнику-гримеру.	vol-5633-page-03-seg-050-3673-4622-4326-4778.png
5633	3	3666	4789	4324	4899	8	0.92181	ЗАСЛУЖЕННОГО АРТИСТА РСФСР Комиссарову Александру Михайловичу- артисту театра.	vol-5633-page-03-seg-051-3666-4789-4324-4899.png
5633	3	2096	6095	2459	6127	3	0.93928	вперед на запад	vol-5633-page-03-seg-052-2096-6095-2459-6127.png
5633	3	3531	6099	4233	6131	6	0.96167	Снимок нашего спец. фотокорр. О. Кнорринга	vol-5633-page-03-seg-053-3531-6099-4233-6131.png
5633	4	3550	303	4300	347	8	0.91410	5 ноября 1943 г., пятница. № 262 (5633)	vol-5633-page-04-seg-002-3550-0303-4300-0347.png
5633	4	303	423	2267	538	6	0.93639	После конференции трех министров в Москве	vol-5633-page-04-seg-003-0303-0423-2267-0538.png
5633	4	512	557	2058	622	5	0.95382	Американские отклики на решения конференции	vol-5633-page-04-seg-004-0512-0557-2058-0622.png
5633	4	259	650	927	1650	148	0.97473	Нью-йорк, 2 ноября. (ТАСС). Влия- тельные круги американского конгресса приветствуют решения конференции трех министров в Москве. Только небольшие изоляционистские группировки в конгрессе пытаются вызвать сомнения относительно результатов совещания. Весьма знамена- тельно, что изоляционистские элементы не в состоянии совершать прямые нападки на соглашения, достигнутые в Москве, и вы- нуждены ограничиться преуменьшением значения этих соглашений. Комментируя итоги конференции, газета "Нью-Йорк таймс" заявляет, что наиболь- шую роль играет декларация четырех госу- дарств, которая предусматривает не только совместные действия после войны, но так- же и создание как можно скорее всеобщей международной организации. "Это обяза- тельство, пишет газета, - подкрепляет Атлантическую хартию, устраняет возмож- ность исключительных союзов и защищает мировую демократию. Эта декларация исключит возражения даже наиболее подо- зрительно настроенных сенаторов». ЛОНДОН, 2 ноября. (ТАСС). Вашинг- тонский корреспондент газеты «Ньюс кро- никл» передает: «Я не могу припомнить другого заявления с начала войны, кото- рое вызвало бы здесь такой всеобщий энтузиазм, какой вызвали опубликованные	vol-5633-page-04-seg-005-0259-0650-0927-1650.png
5633	4	945	652	1613	1654	171	0.96997	Москве соглашения. Если эта реакция будет точно передана Москве, то это должно навсегда устранить всякие сомне- ния по поводу того, желают ли американ- цы сотрудничать с Советским Союзом в будущем. Повсюду заметно облегчение и восхище- ние американцев в связи с тем, что, по их мнению, является гарантией предотвра- шения крупнейшей ошибки прошлой войны. Они считают, что на сей раз 4 великих державы сохранят свой победный союз и в мирное время. Комментаторы считают, что вопросы, касающиеся границ Польши и прибалтийских государств, будут решены наилучшим образом, поскольку в этих ре- шениях примут участие все крупнейшие державы. Почти все указывают, что в бу- дущем придется еще устранять различные трудности, но уверенность в том, что эти трудности могут и будут преодолены, всё время возрастает». НьЮ-ЙОРК, 2 ноября. (ТАСС). Чикаг- ская газета «Сэн» пишет, что результаты московской конференции представляют со- бою «огромный шаг вперед в сторону обес- печения полной победы в войне и демокра- тического народного мира... Никогда рань- ше союзники не были столь тесно спло- чены, как сейчас». Московские соглаше- ния, продолжает газета, устраняют послед-	vol-5633-page-04-seg-006-0945-0652-1613-1654.png
5633	4	1628	658	2296	1654	150	0.96264	нюю возможность заключения мира на основе переговоров, на что надеялись на- цисты, желая избежать разгрома. Влиятельная газета «Стар», выходящая в Канзас-Сити, заявляет, что московская конференция является великим историче- ским событием. Результаты конференции полностью подтверждают заявление Руз- вельта о том, что московская конференция оказалась в высшей степени успешной. До- стигнутые соглашения наносят гитлеровцам колоссальный удар. «1 ноября знамена- сильнейший день для тех стран, которые ведут борьбу за свободу», -- пишет в за- ключение газета. - Другая влиятельная газета "Конститу- шен» (Атланта) считает, что московские соглашения являются «важнейшими доку- ментами всей современной истории». Эти соглашения полностью опрокидывают все попытки Германии вызвать раздор между Объединенными нациями. Соглашения рас- сеивают последние сомнения относительно искренности Советского Союза и его го- товности сотрудничать с другими странами в деле обеспечения мира и демократиче- ской свободы после войны. Сейчас слово за американским сенатом, который должен оказать поддержку Хэллу и голосовать за участие Америки в будущем международ- ном сотрудничестве.	vol-5633-page-04-seg-007-1628-0658-2296-1654.png
5633	4	779	1687	1787	1745	3	0.96790	Комментарии английской печати	vol-5633-page-04-seg-008-0779-1687-1787-1745.png
5633	4	254	1770	922	3258	238	0.97163	ЛОНДОН, 2 ноября (ТАСС). Комменты- руя декларацию по вопросу о всеобщей безопасности, дипломатический обозрева- тель «Таймс» пишет: «Декларация являет- ся достаточным доказательством того, что государственные деятели, работающие над всеми многочисленными комплексными проблемами сегодняшнего дня, не упустили из виду ни цель, находящуюся далеко впереди, ни пути к ней. Они предусматри- вают организацию открытой для всех ми- ролюбивых государств системы "для под- держания международного мира и безопас- ности». Однако они признают, как признает это англо-советский договор о союзе, что такая система не может быть построена в спешном порядке и что в данное время их правительства в силу. их мощи и положе- ния несут особую ответственность. Они должны быть первыми хранителями и пер- злыми строителями, чтобы безопасность Оказалась прочной и длительной. На данной промежуточной стадии союз- ными странами будут еще раз проведены развернутые консультации. Многие из со- юзников надеялись, что проблема Польши будет затронута либо в отдельном заявле- либо в недвусмысленном выражении, содержащемся в главном документе. Мол- чание не означает игнорирования. Более тесное и более уверенное сотрудничество между тремя державами позволяет на- деяться на реальные решения в большей степени, чем это могло быть возможно до конференции». Консервативная газета «Дейли скетч» пишет в редакционной статье: "Говоря по существу, московское коммюнике дает основания поздравить его составителей в отношении следующих основных моментов: это коммюнике убедительно подтверждает неделимость решимости союзников выиг- рать войну в возможно кратчайший срок и их решимость организовать послевоен- ный мир на началах справедливости и сво- боды, а затем - и процветания".	vol-5633-page-04-seg-009-0254-1770-0922-3258.png
5633	4	254	3260	920	4561	221	0.96839	«В московской декларации, --- говорится передовой статье газеты «Дейли экспресс», - сказано, что свободолюбивые народы будут продолжать борьбу против фашистской агрессии, пока последний па- лач не сложит оружия и не сдастся побе- дителю для суда по законам народа, ко- торый от него пострадал. Победители не разойдутся в разные стороны. Они покля- лись использовать свои победоносные ар- мии для установления мира и поддержания безопасности всех народов». «Некоторые вопросы, интересующие все сражающиеся народы, пишет далее газета, -- не за- тронуты в декларации, Однако Гесс не за- быт. Последний пункт декларации указы- взет, что поскольку его преступления со- вершены не на территории какого-то одно- го. миролюбивого народа, то он будет на- казан по совместному решению союзных Правительств». Газета «Манчестер гардиан» пишет в пе- редовой статье: "Если мы будем судить о московском совещании по надеждам, кото- рые мы на него возлагали, то окажется мало таких людей, ожидания которых не оправдались. Было ясно, что на совещании будут обсуждаться военные планы. Было также ясно, что они не будут главной те- мой обсуждения и что никакие подроб- ности итогов не могут быть ни в коем случае опубликованы. Коммюнике является свидетельством взаимопонимания между тремя правительствами». Газета приводит фразу из коммюнике о военных переговорах и заявляет, что было ясно с самого начала, что такие пере- говоры будут вестись. «Огромную работу требуется проделать в области политиче- ского сотрудничества как теперь, так	vol-5633-page-04-seg-010-0254-3260-0920-4561.png
5633	4	943	1772	1603	2379	109	0.97626	после войны. Если мы спросим себя, чего мы ожидали от конференции, то надо ска- зать. что мы ожидали от нее более точ- ного определения военных целей, уже на- меченных в общих чертах в Атлантической хартии, создания механизма для постоян- ного и более тесного сотрудничества трех держав и также создания эффективного механизма для работы на территориях, ко- торые союзники оккупировали или оккупи- руют, как, например, Италия. Кроме того, мы хотели видеть особые соглашения, сви- детельствующие о духе взаимного дове- рия, которое одно только может сделать эти соглашения жизненными и действенны- ми. Без этого мы могли бы снова вернуть- ся к прежнему состоянию подозрения. При наличии взаимного доверия всё становится возможным».	vol-5633-page-04-seg-011-0943-1772-1603-2379.png
5633	4	943	2385	1605	2804	71	0.96934	Анализируя решения конференции, «Ман- честер гардиан» заключает: «Немцы не найдут ничего утешительного в результа- тах совещания. Эти результаты свидетель- ствуют о том, что среди союзников нет никакого раскола. В коммюнике нет рас- плывчатых формул вежливости, которые не говорят ничего, ибо нечего сказать. Харак- тер решений таков, что они должны сократить войну и упрочить мир, ибо они основываются на растущем доверии между теми. кто должен выиграть вместе и вой- ну и мир».	vol-5633-page-04-seg-012-0943-2385-1605-2804.png
5633	4	941	2806	1603	3708	152	0.96919	азета "Дейли миррор" пишет в передо- бой статье: «Московская конференция зна- менует собой настоящий поворотный пункт в войне, ибо она означает, что бита по- следняя ставка Гитлера - попытка по- сеять внутренние разногласия в среде Об" единенных наций. До этой роковой для Гитлера конференции было ясно, что со- трудничество между Россией и ее велики- МИ союзниками англо-саксами является неполным. Подозрение и отсутствие полно- го взаимопонимания, несомненно, существо- вали. То, что такое положение вещей вы- зывалось в значительной степени деятель- ностью вражеских пропагандистов, ничего не меняло в том факте, что это являлось источником огромной слабости в усилиях союзников. Можно надеяться, что сейчас туман недоверия полностью рассеялся. Россия, Соединенные Штаты и Англия тор- жественно обязались уничтожить фашизм где бы то ни было и восстановить демо- кратический образ жизни. Это единствен- ная победа, за которую стоит бороться, и московские декларации придадут мужество всем бойцам войск союзников и миллио- нам мужчин и женщин, работающим в тылу».	vol-5633-page-04-seg-013-0941-2806-1603-3708.png
5633	4	939	3711	1601	4292	86	0.97037	Дипломатический обозреватель газеты "Манчестер гардиан", комментируя резуль- таты московского совещания. пишет: «Ди- пломатические круги союзников в Лондоне высказывают большое удовлетворение ре- зультатами московского совещания. Откро- венно признается, что совещание не разре- шило всех политических вопросов, касаю- щихся союзников, однако существует мне- ние, что некоторые вопросы, специально не упомянутые в официальных сообщениях, были подвергнуты полезному изучению, возможно, разрешение их не заставит себя долго ждать, Это можно сказать по по- воду польско-русских отношений. Сущест- вует надежда на то, что вскоре будет до- стигнуто согласованное решение этого во- проса».	vol-5633-page-04-seg-014-0939-3711-1601-4292.png
5633	4	939	4303	1601	4561	45	0.96449	«Совершенно очевидно, - говорится в статье газеты «Дейли мейл», -- что ни на одной из предыдущих конференций пред- ставителей трех правительств не происхо- дило такого откровенного обмена военной информацией и не существовало такого духа сотрудничества при отсутствии каких бы то ни было взаимных упреков. Помимо	vol-5633-page-04-seg-015-0939-4303-1601-4561.png
5633	4	1628	1778	2288	2573	132	0.97159	всего остального, наиболее поразительной особенностью трехсторонней конференции в этом плане, видимо, является личная уве- ренность маршала Сталина в будущем. Она оказалась заразительной и, по всей вероят- ности, она задала тон переговорам с самого их начала. Нет сомнения в том, что до- стигнутое взаимопонимание в военных во- просах сделало возможным откровенное об- суждение многих проблем, касающихся Европы, освобожденной от гитлеризма. Совершенно ясно. что конференция не разрешила всех вопросов, стоявших на по- вестке дня, это даже не могло быть сделано за такой короткий промежуток времени, однако кажется очевидным, что три министра иностранных дел обменя- лись мнениями, в результате чего решение вопросов будущем будет менее затруд- нительным и, с точки зрения политической менее опасным для тех, кто отвечает за это. Другими словами, повидимому, устра- нены многие прошлые недоразумения и не- которые сильно укоренившиеся подозре ния».	vol-5633-page-04-seg-016-1628-1778-2288-2573.png
5633	4	1620	2575	2288	4095	253	0.97549	Как отмечает дипломатический обозрева- тель газеты «Дейли телеграф энд Морнинг пост», «не сообщается никаких подробно- стей о решениях по военным вопросам, ко- торые были приняты даже до обсуждения политических проблем. Это умалчивание неизбежно, учитывая тот факт, что, как указывает коммюнике, речь идет об опре- деленных военных действиях, в отношении которых были приняты решения. Это озна- чает, что в то время, как русские настан- вали на том, что «мероприятия для сокра- пения сроков войны», т. е. военные дей- ствия, должны были занимать господствую- щее место на конференции, делегаты Анг- лиса и Америки смогли представить уже одобренные своими соответствующими пра- вительствами военные планы, с которыми русские согласились. Это должно закон- чить полемику о втором фронте. Даже без раскрытия военных планов результаты конференции означают, по меньшей мере, революцию в общем ведении войны и та- кую революцию, которая настолько же угрожает врагу. насколько она является многообещающей для Объединенных наций. Впервые великие проблемы войны и после- военной политики были выяснены. Что касается практических решений конференции, то создание комиссии в Лон- жопе и создание совета по вопросам Ита- лии скажется немедленно на решимости союзников сотрудничать по всем важней- шим вопросам. Эти два органа заменят предполагавшуюся Средиземноморскую ко- миссию, которая еще не собиралась. Лон- донская комиссия будет в известном смы- сле постоянной московской конференцией, продолжающей работу трех министров иностранных дел. Она не будет обладать исполнительной властью, но ее советы бу- дут иметь величайший вес. Сам Иден, не- сомненно, будет посещать ее заседания, когда это будет необходимо, но постоянным английским делегатом будет другой ми- нистр или другие высокопоставленное офи- инальное лицо.	vol-5633-page-04-seg-017-1620-2575-2288-4095.png
5633	4	1620	4104	2282	4554	75	0.96324	В декларации об Италии пункт 7-й, об- условливающий, что генералы итальянской армии, известные или подозреваемые в со- решении военных преступлений, должны быть арестованы и переданы в руки пра- восудия, может вызвать возобновление по- лемики в югославских и греческих кругах по поводу участия генералов Амброзио и Роатта в правительстве Бадольо. Вряд ли, однако, они, и в особенности Роатта, оста- нутся долго в составе правительства, по- скольку Бадольо сам обязался расширить базу правительства в самое ближайшее время".	vol-5633-page-04-seg-018-1620-4104-2282-4554.png
5633	4	370	4622	1506	4681	5	0.84824	Гнезд Конгресса производственных профсоюзов США	vol-5633-page-04-seg-019-0370-4622-1506-4681.png
5633	4	258	4694	918	5210	79	0.96920	ФИЛАДЕЛЬФИЯ, 2 ноября. (Спец. корр. IACC). 1 ноября здесь открылся 6-й съезд Конгресса производственных профсоюзов (КПП). на котором присутствуют около 600 делегатов. Председатель КПП Мэррей, открывая съезд, заявил, что "Конгресс про- изводственных профсоюзов с радостью при- мет приглашение английского Конгресса тред-юнионов присоединиться другим профсоюзам всех Объединенных наций и со- трудничать с ними в разрешении проблем, возникающих в результате войны». Деле- гаты встретили овацией это заявление Мэр- рея. Далее Мэррей заявил, что пока та- кого официального приглашения не полу- чено	vol-5633-page-04-seg-020-0258-4694-0918-5210.png
5633	4	258	5220	924	6028	127	0.97199	В отчете съезду Мэррей призывает. Кон- гресс производственных профсоюзов по воз- можности скорее связаться с руководите- лямя профсоюзных организаций Англии, Советского Союза и Латинской Америки «с целью созыва конференции представителей организованных рабочих всех Об'единен- ных наций». «Настало время, заявляет Мэррей, отказаться от благочестивых пожеланий по поводу создания междуна- родного единства рабочих. Настало время для действий». В обзоре военного положения Мюррей указывает на изгнание войск держав оси из Африки, занятие Сицилии, свержение власти итальянского фашизма, вторжение войск союзников в Италию, господство ан- гло-американской авиации в Европе, уси- ливающийся саботаж в странах, оккупи- рованных державами оси, и на военные дей- ствия против держав оси в Югославии. «Советская армия, говорится в отче- те, -провела замечательные героические на- ступления в зимний и летний периоды она отбросила огромные армии нацистов и их	vol-5633-page-04-seg-021-0258-5220-0924-6028.png
5633	4	941	4702	1601	5152	73	0.96657	сателлитов от Сталинграда к Днепру, где Гитлер из кожи лезет вон, чтобы поднять дух своих войск». По мере то, как безоговорочная капиту- ляция держав оси становится всё более и более вероятной, говорится далее в отче- те, можно ожидать вредительских попыток ослабить военные усилия США. На внут- реннем ф1-онте эта опасность проявляет- ся в деятельности некоторых влиятельных кругов, стремящихся разъединить народ, по- сеять недоверие между различными группа- ми внутри страны и между Объединенными нациямн.	vol-5633-page-04-seg-022-0941-4702-1601-5152.png
5633	4	941	5157	1603	6025	145	0.97279	Сохранение единства среди Объединенных наций, говорится далее в отчете, столь же необходимо для ведения войны, как и на- циональное единство. "В результате созда- ния Объединенных наций народы мира пре- вратились в могучую несокрушимую силу. Мы должны сохранить это достижение не только во время войны, но и в мирный пе- риод. Всякая попытка разъединить или ра- сообщить какую-либо часть Объединенных наций должна рассматриваться как удар против общего дела народов всех Обведи- ненных наций». Мэррсй указал. что крупнейшими органи- зациями, входящими в КПП, являются профсоюз рабочих автомобильной и авиаци- онной промышленности. профсоюз рабочих сталелитейной промышленности и профсоюз электриков. КПП выполняет свое обещание не прибегать к забастовкам во время войны. Мюррей призывает всех рабочих точно вы- полнять это обязательство и в дальнейшем. В своем отчете Мюррей призывает чле- нов профсоюзов КПП усилить свою поли- тическую активность и готовиться к пре- зидентским выборам 1944 года, имеющим особо важное значение.	vol-5633-page-04-seg-023-0941-5157-1603-6025.png
5633	4	1673	4616	2225	4706	4	0.98147	БОЕВЫЕ ДЕЙСТВИЯ ЮГОСЛАВСКИХ ПАРТИЗАН	vol-5633-page-04-seg-024-1673-4616-2225-4706.png
5633	4	1628	4723	2288	4990	41	0.96566	ЖЕНЕВА, 4 ноября. (ТАСС) По полу: ченным здесь из Югославии сведениям, в Черногории продолжаются бои между партизанскими частями и крупными герман- скими силами. Важный узел шоссейных дорог -- город Матешево, несколько раз переходивший из рук в руки, сейчас вновь занят партизанами.	vol-5633-page-04-seg-025-1628-4723-2288-4990.png
5633	4	1626	4992	2286	5182	28	0.96034	Партизанские части ведут жестокие бои вдоль шоссейной дороги Сараево - Соколац и Сараево -Рогатица. Партизанский отряд разгромивший близ Соколаца германскую часть, захватил гаубицу и. грузовик с бое- припасами.	vol-5633-page-04-seg-026-1626-4992-2286-5182.png
5633	4	1626	5186	2288	5343	23	0.95893	В восточной части Боснии партизанские части успешно отражают атаки гитлеров- ских оккупационных войск, пытающихся прорваться из города Брчко в направлении Тузлы и Биельины.	vol-5633-page-04-seg-027-1626-5186-2288-5343.png
5633	4	1647	5398	2263	5493	9	0.96417	Избрание советских медицинских деятелей почетными членами канадского хирургического колледжа	vol-5633-page-04-seg-028-1647-5398-2263-5493.png
5633	4	1626	5506	2286	6025	71	0.96639	ОТТАВА, 4 ноября. (ТАСС). Королев- ский хирургический колледж Канады из- брал своими почетными членами начальни- ка военно-санитарной службы Красной Армии генерал-лейтенанта медицинской службы Смирнова, как «военного врача и блестящего администратора, который орга- низовал и возглавляет медицинскую служ- бу Красной Армии непревзойденным успехом», а также директора Московского центрального института гематологии и переливания крови профессора Багдаса- рова, как-«выдающегося ученого-медика и руководителя в области изучения крови и кровезаменителей при лечении кровотече- чай и шока"	vol-5633-page-04-seg-029-1626-5506-2286-6025.png
5633	4	2440	430	3527	601	7	0.90028	За Заявления Корделла Хэлла и Антони Идена	vol-5633-page-04-seg-030-2440-0430-3527-0601.png
5633	4	2320	628	2981	1354	112	0.94533	Государственный секретарь США г. hop- дэлл Халл сделал на аэродроме перед от- бытием из Москвы следующее заявление: «Я хочу сказать несколько прощальных слов официальным лицам и народу Co- вятского Союзз. Нехватает слов, чтобы вы разить благодарность за замечательное го степриимство, чувство доброй роли и друж бу, проявленные официальными лицами и народом этой великой страны по отноше- нию ко и мои сотрудникам в тече- ние нашего пребывания здесь. Эта между- народная конференция свидетельствует не только о больших возможностях, но и больших вероятностях и реальностях в отношении самых широких планов на будущее. Я уверен, что результаты этой конференции станут более ясными с те чением времени и по мере того, как представятся возможности осуществить то,	vol-5633-page-04-seg-031-2320-0628-2981-1354.png
5633	4	3003	626	3658	766	16	0.95384	что здесь было решено. вновь хочу выразить благодарность всем тем, способствовал удобству и успеху нашего посещения».	vol-5633-page-04-seg-032-3003-0626-3658-0766.png
5633	4	3003	770	3660	876	13	0.93297	Министр иностранных дел Великобри- тании г. Антони Иден перед отправление. из Москвы сказал:	vol-5633-page-04-seg-033-3003-0770-3660-0876.png
5633	4	3002	880	3658	1345	74	0.94470	"Мы чрезвычайно благодарны за госте- приимство и доброту, которую мы встре- тили в Москве. Мы все счастливы pe- зультатами нашей работы. Пока мы трое вместе нет ничего, что мы не могли бы осуществить. Если мы не будем вме что, то не будет ничего, что мы сможем осуществить. Мы покидаем Москву счаст- ливые тем, что понимаем друг друга лучше, чем когда-либо прежде». Заявления г. Корделла Холла и г. Ан- тони Идена записаны на бинопленку. (ТАСС).	vol-5633-page-04-seg-034-3002-0880-3658-1345.png
5633	4	2457	1413	3510	1537	5	0.95503	Обострение внутриполитического кризиса в Германии	vol-5633-page-04-seg-035-2457-1413-3510-1537.png
5633	4	2354	1554	2939	1628	5	0.91521	ГИТЛЕРОВСКИЙ ТЕРРОР ПРОТИВ АНТИВОЕННЫХ НАСТРОЕНИИ	vol-5633-page-04-seg-036-2354-1554-2939-1628.png
5633	4	2311	1643	2973	2878	199	0.97201	ЖЕНЕВА, 4 ноября. (ТАСС). Корреспон дент швейцарской газеты «Бунд» сообщает из Германии, что там за последнее время было опубликовано 10 смертных пригово- ров, вынесенных за высказывание антивоен- ных настроений. В числе казненных - тор- говцы, студенты, чиновники и люди дру- гих профессий. Им было предъявлено обви- нение в том, что они «разлагали внутрен- ний фронт злостной клеветой на руководя- щих деятелей, злобной критикой государ- ственных мероприятий и высказыванием сомнений в победу Германии». Эти приговоры, пишет корреспондент, яв- ляются свидетельством того, что гитлеров- ское правительство решило не останавли- ваться перед самыми беспощадными мерами для предотвращения распространения «не верия в победу". Еще недавно, заявляет корреспондент, Геббельс старался создать впечатление, что число «пораженцев» нич- тожно. Однако тот факт, что кампанию против «пораженчества» ведут крупные га- зеты. показывает, что гитлеровские вла- сти учитывают размах распространения пессимистических настроений во всех на- родных слоях. Число опубликованных смертных приговоров составляет лишь нич- тожный процент фактически совершаемых казней. Однако остается фактом, что мно гие немцы имеют собственное мнение о со- бытиях, складывающееся под влиянием разных слухов, и это мнение довольно не- выгодно для гитлеровского правительства. На почве неверия в победу распространя- ется критика существующего в Германии положения, ее правящих деятелей и основ царящего ныне в стране режима.	vol-5633-page-04-seg-037-2311-1643-2973-2878.png
5633	4	2311	2886	2969	3273	59	0.96809	Конечно, продолжает корреспондент, су новые репрессии в отношении "поражен- сев" могут вынудить население Германи более осторожно высказывать свои мысли, проявлять также осторожность при переда че различных слухов, в критике государ- ственных деятелей и хода военных событи! при высказываниях пессимистических суждений о перспективах войны. Однако становится ясно, что упадок духа населе- ния Германии является одной из предпосы- лок ее краха.	vol-5633-page-04-seg-038-2311-2886-2969-3273.png
5633	4	2341	3294	2966	3421	9	0.95496	ВРАЖДЕБНОЕ ОТНОШЕНИЕ НАСЕЛЕНИЯ ЭЛЬЗАСА СТОКГОЛЬМ, 4 ноября. (ТАСС). Гитле-	vol-5633-page-04-seg-039-2341-3294-2966-3421.png
5633	4	2994	1554	3658	2070	86	0.97142	ровская газета «Мюльгаузер таголатт» ме- чет громы и молнии по адресу населения Эльзаса, которое, по словам этой газеты, "лишь из нужды носит маску лойяльных граждан». «Когда пришла весть об отставке Мус- солини, - вспоминает газета, - эльзасцы сняли маску, и тогда мы, присмотревшись к народу, увидели издевающиеся над на- ми лица, услышали французскую речь и разговоры о том, что один уже исчез, сле- довательно, скоро придет очередь друго- го». Газета заявляет, что те эльзасцы, «чья лоияльность является только маской, сквозь которую проглядывает ненависть, будут беспощадно уничтожаться».	vol-5633-page-04-seg-040-2994-1554-3658-2070.png
5633	4	3070	2098	3596	2220	8	0.95947	ненависть иностранных рабочих в германии к их ПОРАБОТИТЕЛЯМ	vol-5633-page-04-seg-041-3070-2098-3596-2220.png
5633	4	2994	2241	3654	2893	103	0.97439	СТОКГОЛЬМ, 4 ноября. (ТАСС). Гитле- ровская газета "Националь цайтунг" поме- стила статью о настроениях иностранных рабочих в Германии. Газета признает, что «многие иностранные рабочие исполнены недоверия и вражды; можно даже с уве ренностью сказать, что большинство ино- странцев следует считать заклятыми врага- ми и политическими противниками Герма- нии и национал-социалистского (т. е. гит кировского) мировоззрения. Есть и какие элементы, которые ставят себе задачей совершение актов саботажа и ослабление внутреннего германского фронта». Газета заявляет, что германские власти «отдают себе отчет в значении этой проблемы» и заверяет, что иностранные рабочие в Гер- мании «не предоставлены самим себе», т. е находятся под строгим полицейским надзо- ром.	vol-5633-page-04-seg-042-2994-2241-3654-2893.png
5633	4	3055	2907	3590	2977	3	0.93202	обострение транспортных ТРУДНОСТЕЙ	vol-5633-page-04-seg-043-3055-2907-3590-2977.png
5633	4	2994	2994	3656	3417	74	0.97128	ЖЕНЕВА, 4 ноября. (ТАСС). Гитлеров- ская газета "Небес Винер тагблатт" поме- стила статью, в которой отмечает, что вы- полнение программы осенних перевозок в Германии превратилось в острую пробле- му. Газета признает, что дальнейшее уско рение оборота товарных вагонов во время осенних перевозок невозможно. Невозмож- но также, пишет газета, найти выход в дальнейших ограничениях перево ок неко- торых товаров, ибо уже сейчас, по суще- ству, разрешается перевозить только са- мые важные в военном отношении грузы.	vol-5633-page-04-seg-044-2994-2994-3656-3417.png
5633	4	2529	3485	3408	3529	3	0.94858	действия авиации союзников	vol-5633-page-04-seg-045-2529-3485-3408-3529.png
5633	4	2550	3546	3391	3582	5	0.94480	Крупные налеты на Вильгельмсхафен Дюссельдорф	vol-5633-page-04-seg-046-2550-3546-3391-3582.png
5633	4	2303	3594	2967	4442	134	0.96018	ЛОНДОН, 4 ноября. (ТАСС). Как пе- редает агентство Рейтер, в Лондоне офи- циально обявлено, что весьма крупное со- единение американских самолетов типов «Летающая крепость» и «Либерейтор», ба- зирующихся на Англию, совершило 3 нояб ря ожесточенный валет на германскую во- енно-морскую базу Вильгельмсхафен. Уни- чтожено 34 германских истребителя. ЛОНДОН, 4 ноября. (ТАСС). Как пере- дает вашингтонский корреспондент агент- ства Рейтер, военный министр США Стим- сон заявил, что дневном налете на Вильгельмсхафен 3 ноября участвовало значительно более 1.000 самолетов. «Это был самый ожесточенный дневной налет в истории», - заявил Стимсон. ЛОНДОН, 4 ноября. (ТАСС). По сооб- щению агентства Рейтер, в Лондоне офи- циально объявлено, что крупные силы ан- глийской бомбардировочной авиации совер- шили ожесточенный налет на Дюссель- дорф. Небольшое соединение английских самолетов атаковало Кельн. ЛОНДОН, 3 ноября. (ТАСС). Как пере- дает агентство Рейтер, в Лондоне офи-	vol-5633-page-04-seg-047-2303-3594-2967-4442.png
5633	4	2990	3597	3652	4440	130	0.96438	циально об явлено о том, что американские бомбардировщики "Мародер", сопровождав- шиеся истребителями "Спитфайр", атако- вали германский аэродром в Сент-Андре де л"Эр (Северная Франция, департамент Эр). ЛОНДОН, 4 ноября. (ТАСС). Штаб войск союзников в Северной Африке пере- дает, что, судя по данным аэрофотосъемки, в результате произведенного днем 2 нояб- ря налета на Винер-Нойштадт (Австрия) авиационному заводу, на котором произво- дится сборка самолетов "Мессершмитт", причинен большой ущерб. ЛОНДОН, 4 ноября. (ТАСС). Штаб военно-воздушных сил союзников на Ближ- нем Востоке сообщает, что английские бомбардировщики атаковали в ночь на 3 ноября склады и корабли в порту Скирос (остров Скирос). Другие самолеты атаковали аэродром в Гераклионе (остров Крит). В ночь на 4 ноября был произве- ден налет на аэродром в Антимахи (остров Кос); бомбы взорвались в районе поса- дочных площадок. Авиация союзников потерь не имела.	vol-5633-page-04-seg-048-2990-3597-3652-4440.png
5633	4	2679	4512	3286	4552	4	0.97540	осенний сезон 1943 г	vol-5633-page-04-seg-049-2679-4512-3286-4552.png
5633	4	3320	4560	3611	4588	3	0.90267	Рис. Бор. Ефимова	vol-5633-page-04-seg-050-3320-4560-3611-4588.png
5633	4	2831	5987	3106	6028	2	0.89520	Крымский вид.	vol-5633-page-04-seg-052-2831-5987-3106-6028.png
5633	4	3789	404	4254	544	2	0.95790	пиратский корабль	vol-5633-page-04-seg-053-3789-0404-4254-0544.png
5633	4	3772	563	4315	819	45	0.96356	<...В 1933 г. и ног не сели на ко рабль, который ведет Гитлер. По ка этот корабль совершал прият- ные экскурсии, всё шло прекрасно но теперь, когда корабль попал в шторм, иные побледнели и позе- лонели от морской болезни и хо если бы покинуть корабль...".	vol-5633-page-04-seg-054-3772-0563-4315-0819.png
5633	4	3818	836	4315	901	5	0.94288	Из немецко-фашистской газеть «Бремер Нахрихтен».	vol-5633-page-04-seg-055-3818-0836-4315-0901.png
5633	4	3683	924	4338	1053	20	0.96560	На своем корабле итлер плыл по земле По австрийской, по чехословацкой. Далеко он уплыл на своем корабле Занимаясь работой пиратской.	vol-5633-page-04-seg-056-3683-0924-4338-1053.png
5633	4	3683	1085	4347	1203	19	0.93603	Плыли, плыли пираты в безвестную даль На земле не боясь непогоды. Старый лоцман Петэн, старый шуцман . . Лаваль	vol-5633-page-04-seg-057-3683-1085-4347-1203.png
5633	4	3687	1216	4178	1246	5	0.93232	Провели их в парижские воды	vol-5633-page-04-seg-058-3687-1216-4178-1246.png
5633	4	3681	1280	4330	1440	23	0.94696	Был разграблен брюссель, разорен Роттердам. :: Кровь струилась по улицам в Польше. И охотников плыть по кровавым волнам Становилось у немцев всё больше.	vol-5633-page-04-seg-059-3681-1280-4330-1440.png
5633	4	3679	1468	4347	1601	19	0.95395	Но пустился в Россию пиратский фрегат И о скалы ударился носом. Эти скалы-Москва, Ленинград, Сталинград Вся страна оказалась утесом.	vol-5633-page-04-seg-060-3679-1468-4347-1601.png
5633	4	3681	1635	4345	1795	21	0.95079	Много было вокруг непредвиденных скал- Сзади, спереди, слева и справа. Всплыл из бездны Орел, грозно Белгород встал, Встало Сталино, Харьков, Полтава.	vol-5633-page-04-seg-061-3681-1635-4345-1795.png
5633	4	3681	1825	4345	1952	17	0.96853	Закачался фрегат среди бурных пучин, Вдоль бортов обнаружились щели. Лица немцев, венгерцев, финляндцев, румын Побледнели и позеленели.	vol-5633-page-04-seg-062-3681-1825-4345-1952.png
5633	4	3679	1986	4347	2138	22	0.96289	Стало ясно для всех: время быстро идет K роковому, последнему мигу. Мрачный Гитлер лимонную корку жует, Геринг с Геббельсом "съездили в ригу".	vol-5633-page-04-seg-063-3679-1986-4347-2138.png
5633	4	3681	2144	4343	2307	21	0.97214	Хоть известно, что нет у фашистов сердед Но предчувствуют гибель злодеи. Ожидает пиратов пиратский конец - Ожидает высокая рея. C. МАРШАК.	vol-5633-page-04-seg-064-3681-2144-4343-2307.png
5633	4	3772	2379	4260	2480	4	0.97114	война на тихом OKEAHE	vol-5633-page-04-seg-065-3772-2379-4260-2480.png
5633	4	3671	2503	4343	4051	257	0.96512	ЛОНДОН, 4 ноября. (ТАСС). Штаб об единенного командования вооруженными силами союзников в юго-западной части Тихого океана сообщает, что авиация союзников B целях предупреждения готовящегося японского контрнаступле- ния против войск союзников на остро- Бугенвиль атаковала японские во- енно-морские силы районе Рабаула (Новая Британия). Потоплено 3 япон- ских эсминца, 8 крупных торговых су- дов общим водоизмещением в 50 тыс тонн и 4 небольших каботажных судна Отмечены прямые попадания в 7 крупных торговых судов общим водоизмещением в 30 тыс. тон и в 2 танкера водоизмеще- нием в 6 и 8 тыс. тонн. На аэродроме Лакунаи (в Рабауле) уничтожены на земле 7 истребителей и один бомбардировщик. Другим самолетам нанесены повреждения Уничтожены также 8 гидропланов и 2 че- тырехмоторные летающие лодки, находив- шиеся у берега. В воздушном бою сбито 67 и вероятно сбито еще 23 самолета про- тивника. Авиация союзников потеряла бомбардировщиков и 10 истребителей. На Новой Гвинее авиация союзников произвела налет на гавань Алексиса, где уничтожилз в повредила 9 японских барж. В долине Раму войска союзников продол- жали наступление. ЛОНДОН. 4 ноября. (ТАСС). Штаб анг- лийского командования в Индии сообщает, что 2 ноября английская авиация продол- жала атаковать японские позиции в Бирме, в том числе в горном районе Чин. Англий- ская авиация произвела также налет на японские железнодорожные объекты в Ран- гуне в Проме. Все английские самолеты вернулись на свои базы. ТОКИО, ноября. (ТАСС). Как пере- лет агентство Домей Цусин, утром 2 но- ября японские военно-морские силы всту- пили у западного побережья острова Бу- генвиль в бой с военно-морскими силами союзников, состоявшими из крейсеров и эсминцев. Подробности сражения еще не- известны.	vol-5633-page-04-seg-066-3671-2503-4343-4051.png
5633	4	3757	4123	4248	4248	5	0.96937	создание особого КОМАНДОВАНИЯ ОБОРОНЬ АЛЯСКИ	vol-5633-page-04-seg-067-3757-4123-4248-4248.png
5633	4	3670	4265	4338	4527	34	0.96797	Нью-йорк, 4 ноября. (ТАСС). По со общению агентства Ассошиэйтед Пресс, со здано особое командование обороны Аляс- ки, находящееся вне подчинения коман- доранию обороны западного побережья США. Командующим вооруженными сила- ми Аляски назначен генерал-лейтенант Бакнер.	vol-5633-page-04-seg-068-3670-4265-4338-4527.png
5633	4	3745	4594	4260	4670	6	0.97154	ПРИЕЗД МЕНЕМЕНДЖИОГЛУ и хьюгессена в каир	vol-5633-page-04-seg-069-3745-4594-4260-4670.png
5633	4	3671	4683	4336	4880	30	0.95882	ЛОНДОН, 3 ноября. (ТАСС). Каирский корреспондент агентства Рейтер передает что сегодня утром в Каир прибыли ту рецкий министр иностранных дел Мене менджиоглу и английский посол в Тур- ции Нэчбелл Хьюгессен.	vol-5633-page-04-seg-070-3671-4683-4336-4880.png
5633	4	3763	4949	4241	5028	4	0.95763	ВОЗВРАЩЕНИЕ НЕЛЬСОНА В ВАШИНГТОН	vol-5633-page-04-seg-071-3763-4949-4241-5028.png
5633	4	3670	5040	4334	5239	31	0.94985	лондон, 3 ноября. (ТАСС). По сооб- щению вашингтонского корреспондента агентства Рейтер, председатель Управле ния по делам военного производства США Дональд Нельсон возвратился вчера B Вашингтон из поездки в Англию и СССР	vol-5633-page-04-seg-072-3670-5040-4334-5239.png
5633	4	3681	5305	4326	5341	4	0.94048	ВОЗВРАЩЕНИЕ МОРГЕНТАУ В США	vol-5633-page-04-seg-073-3681-5305-4326-5341.png
5633	4	3666	5353	4332	5512	20	0.95814	НьЮ-ЙОРК, 4 ноября. (ТАСС). Министр финансов США Моргентау возвратился в Вашингтон после трехнедельной поездки на Средиземноморский театр военных дей- ствий	vol-5633-page-04-seg-074-3666-5353-4332-5512.png
5633	4	3685	5582	4313	5708	6	0.94471	ПРИБЫТИЕ КРУПНОГО КОНТИНГЕНТА КАНАДСКИХ ВОЙСК англию	vol-5633-page-04-seg-075-3685-5582-4313-5708.png
5633	4	3664	5723	4328	5890	30	0.96693	ОТТАВА. 4. ноября. (ТАСС). Канадское радио объявило о том, что 2 ноября в Ан- глию прибыл крупный контингент канад- ских войск, в том числе армейские, воен но-морские и авиационные части	vol-5633-page-04-seg-076-3664-5723-4328-5890.png
5633	4	3960	5964	4330	6034	5	0.95300	Ответственный редактор Н. А. ТАЛЕНСКИЙ	vol-5633-page-04-seg-077-3960-5964-4330-6034.png
5633	4	497	6051	4100	6095	29	0.94120	АДРЕС РЕДАКШИИ: Москва, 6. Малая Дмитровка, 16. Телефоны: коммутатор К-4-00-70 до 74, для справок -- К-4-42-12. ИЗДАТЕЛЬСТВА - К-4-00-70, доб. 33. Бюро жалоб подписной конторы -- К-4-00-70 доб. 311	vol-5633-page-04-seg-078-0497-6051-4100-6095.png
5633	4	299	6118	447	6159	1	0.93138	85025	vol-5633-page-04-seg-079-0299-6118-0447-6159.png
5633	4	1339	6121	3258	6163	13	0.92346	Типография центрального органа Народного комиссариата обороны СССР «Красная звезда», Москва, Малая Дмитровка, 16.	vol-5633-page-04-seg-080-1339-6121-3258-6163.png